ImageId,PredictedLabel,TrueLabel
1,5,5
2,32,32
3,6,6
4,15,15
5,7,7
6,20,20
7,21,21
8,11,11
9,21,21
10,24,24
11,4,4
12,3,4
13,8,8
14,12,12
15,3,3
16,28,28
17,23,23
18,16,16
19,30,30
20,28,28
21,32,32
22,21,21
23,32,32
24,6,6
25,28,28
26,7,7
27,28,28
28,20,20
29,34,34
30,24,24
31,26,26
32,29,29
33,6,6
34,14,14
35,1,1
36,8,8
37,32,32
38,29,29
39,0,0
40,23,29
41,7,7
42,19,19
43,32,32
44,1,1
45,23,23
46,21,21
47,17,17
48,3,3
49,26,26
50,19,19
51,24,24
52,17,17
53,6,6
54,18,18
55,19,19
56,29,29
57,32,32
58,22,22
59,4,4
60,26,26
61,1,1
62,24,24
63,7,7
64,31,31
65,19,19
66,4,4
67,34,34
68,25,23
69,29,29
70,7,7
71,31,31
72,1,1
73,10,10
74,3,3
75,14,14
76,27,27
77,25,25
78,1,2
79,22,22
80,16,16
81,27,27
82,13,13
83,22,22
84,16,16
85,16,16
86,17,17
87,26,26
88,8,8
89,1,2
90,28,28
91,7,7
92,23,23
93,31,31
94,2,2
95,29,29
96,2,2
97,6,6
98,24,24
99,1,1
100,14,14
101,13,13
102,17,17
103,13,13
104,20,20
105,19,19
106,28,28
107,4,4
108,24,24
109,27,27
110,14,14
111,12,12
112,5,5
113,0,0
114,3,3
115,9,9
116,29,29
117,8,8
118,28,28
119,1,1
120,24,24
121,26,26
122,0,0
123,30,30
124,20,20
125,23,23
126,33,33
127,7,7
128,1,1
129,15,15
130,8,8
131,31,31
132,34,34
133,31,31
134,28,28
135,8,8
136,31,31
137,22,22
138,3,3
139,12,12
140,12,12
141,6,6
142,31,31
143,11,11
144,19,19
145,9,9
146,1,1
147,32,32
148,2,2
149,24,24
150,7,7
151,12,12
152,22,22
153,31,31
154,13,13
155,13,13
156,32,32
157,28,28
158,10,10
159,6,6
160,25,25
161,33,33
162,10,10
163,7,7
164,0,0
165,18,18
166,23,23
167,3,3
168,14,14
169,29,29
170,23,23
171,8,8
172,18,18
173,5,5
174,17,17
175,8,8
176,12,12
177,1,1
178,26,16
179,4,4
180,27,27
181,1,1
182,18,18
183,30,30
184,20,20
185,27,27
186,22,22
187,23,23
188,22,22
189,7,7
190,8,8
191,3,3
192,21,21
193,10,10
194,24,24
195,11,11
196,18,18
197,33,33
198,23,23
199,25,25
200,11,11
201,22,22
202,16,16
203,29,29
204,6,6
205,12,12
206,25,25
207,7,7
208,2,2
209,17,17
210,33,33
211,32,32
212,34,34
213,14,14
214,19,19
215,4,4
216,29,29
217,11,11
218,13,13
219,17,17
220,2,2
221,8,8
222,1,1
223,9,9
224,21,21
225,29,29
226,16,16
227,4,4
228,9,9
229,20,20
230,6,6
231,14,14
232,20,20
233,28,28
234,3,3
235,4,4
236,11,11
237,29,29
238,5,5
239,17,17
240,19,19
241,11,11
242,1,1
243,11,11
244,18,18
245,26,26
246,25,25
247,26,26
248,30,30
249,31,31
250,25,25
251,34,34
252,34,34
253,24,24
254,1,1
255,29,29
256,28,28
257,26,26
258,25,25
259,2,2
260,8,8
261,15,15
262,2,2
263,14,14
264,22,22
265,3,3
266,10,10
267,18,18
268,16,16
269,32,32
270,0,0
271,29,29
272,6,6
273,3,3
274,29,29
275,27,27
276,21,21
277,25,25
278,7,7
279,8,8
280,2,2
281,22,22
282,23,23
283,9,9
284,16,16
285,33,33
286,6,6
287,18,18
288,29,29
289,34,34
290,1,1
291,34,34
292,34,34
293,27,27
294,30,30
295,13,13
296,0,0
297,6,6
298,34,34
299,14,14
300,27,27
301,25,25
302,11,11
303,26,26
304,22,22
305,33,33
306,9,9
307,17,17
308,19,19
309,14,14
310,7,7
311,0,0
312,32,32
313,8,11
314,17,17
315,6,6
316,25,25
317,8,11
318,19,19
319,6,6
320,14,14
321,29,29
322,30,30
323,16,16
324,22,22
325,16,16
326,8,8
327,20,20
328,26,26
329,18,18
330,5,5
331,23,23
332,12,12
333,4,4
334,10,10
335,33,33
336,26,26
337,14,14
338,5,5
339,24,24
340,20,20
341,12,12
342,5,5
343,33,33
344,25,25
345,6,6
346,28,28
347,29,29
348,27,27
349,23,23
350,17,17
351,30,30
352,12,12
353,30,30
354,0,0
355,26,26
356,14,14
357,5,5
358,31,31
359,3,3
360,34,34
361,22,22
362,27,27
363,14,14
364,10,10
365,5,5
366,16,16
367,6,6
368,3,3
369,2,2
370,6,6
371,12,12
372,28,6
373,4,4
374,19,19
375,22,22
376,13,13
377,2,2
378,19,19
379,11,11
380,10,10
381,11,11
382,6,6
383,8,8
384,34,34
385,5,5
386,15,15
387,17,17
388,8,8
389,32,32
390,20,20
391,26,26
392,14,14
393,17,17
394,3,3
395,22,22
396,31,31
397,8,8
398,1,1
399,27,27
400,5,5
401,3,4
402,34,34
403,3,3
404,20,20
405,26,26
406,25,25
407,19,19
408,31,31
409,33,33
410,21,21
411,24,24
412,21,21
413,22,22
414,28,28
415,9,9
416,16,16
417,3,3
418,4,4
419,24,24
420,13,13
421,15,15
422,33,33
423,18,18
424,17,17
425,29,29
426,31,31
427,24,24
428,13,13
429,30,30
430,14,14
431,2,2
432,8,8
433,13,13
434,14,14
435,5,5
436,22,22
437,33,33
438,23,23
439,23,23
440,28,28
441,18,18
442,20,20
443,14,14
444,24,24
445,0,0
446,22,22
447,15,15
448,34,34
449,20,20
450,22,22
451,26,26
452,23,23
453,28,28
454,10,10
455,10,10
456,31,31
457,24,24
458,21,21
459,8,8
460,9,9
461,28,28
462,15,15
463,5,5
464,29,29
465,22,22
466,7,7
467,16,16
468,1,1
469,33,33
470,32,32
471,2,2
472,16,16
473,12,12
474,17,17
475,30,30
476,29,29
477,32,32
478,34,34
479,11,11
480,14,14
481,28,28
482,18,18
483,2,2
484,33,33
485,34,34
486,27,27
487,15,15
488,8,8
489,18,18
490,25,25
491,9,9
492,32,32
493,14,14
494,31,31
495,22,22
496,8,8
497,5,5
498,23,23
499,32,32
500,27,27
501,23,23
502,0,0
503,31,31
504,4,4
505,0,0
506,3,3
507,6,6
508,6,6
509,17,17
510,0,0
511,11,11
512,2,2
513,24,24
514,20,20
515,21,21
516,17,17
517,14,14
518,31,31
519,20,20
520,32,32
521,29,29
522,21,21
523,2,2
524,6,6
525,34,34
526,6,6
527,29,29
528,13,13
529,13,13
530,2,2
531,19,19
532,25,25
533,18,18
534,9,9
535,20,20
536,22,22
537,30,30
538,11,11
539,1,1
540,24,24
541,30,30
542,25,25
543,0,0
544,2,2
545,8,8
546,6,6
547,31,31
548,25,25
549,23,23
550,14,14
551,9,9
552,33,33
553,5,5
554,12,12
555,15,15
556,4,4
557,27,27
558,8,8
559,24,24
560,27,27
561,0,0
562,11,11
563,19,19
564,0,0
565,34,34
566,17,17
567,31,31
568,26,26
569,25,25
570,12,12
571,20,20
572,0,0
573,21,21
574,11,11
575,11,11
576,26,26
577,29,29
578,16,16
579,27,27
580,22,22
581,24,24
582,26,26
583,12,12
584,21,21
585,20,20
586,2,2
587,2,2
588,5,5
589,25,25
590,0,0
591,15,15
592,12,12
593,24,24
594,28,28
595,27,27
596,30,30
597,20,20
598,12,12
599,30,30
600,9,9
601,23,23
602,10,10
603,26,26
604,5,5
605,15,15
606,32,32
607,5,5
608,18,18
609,26,26
610,19,19
611,5,5
612,32,32
613,4,4
614,29,29
615,21,21
616,13,13
617,33,33
618,16,16
619,3,3
620,9,9
621,28,28
622,3,3
623,3,3
624,23,23
625,17,17
626,13,13
627,26,26
628,26,26
629,1,1
630,34,34
631,21,21
632,9,9
633,32,32
634,4,4
635,15,15
636,32,32
637,16,16
638,20,20
639,26,26
640,10,10
641,29,29
642,2,2
643,27,27
644,15,15
645,3,3
646,32,32
647,14,14
648,8,8
649,10,10
650,11,11
651,13,13
652,16,16
653,31,31
654,4,4
655,7,7
656,8,8
657,8,8
658,26,26
659,18,18
660,32,32
661,25,25
662,27,27
663,21,21
664,19,19
665,12,12
666,2,2
667,25,25
668,33,33
669,14,14
670,19,19
671,33,33
672,19,19
673,22,22
674,13,13
675,27,27
676,11,11
677,29,29
678,31,31
679,25,25
680,33,33
681,15,15
682,11,11
683,7,7
684,23,23
685,1,1
686,5,5
687,17,17
688,0,0
689,23,23
690,17,17
691,33,33
692,33,33
693,22,22
694,8,8
695,21,21
696,28,28
697,21,21
698,27,27
699,19,19
700,31,31
701,32,32
702,21,21
703,31,31
704,23,23
705,14,14
706,3,3
707,7,7
708,1,1
709,9,9
710,6,6
711,17,17
712,19,19
713,22,22
714,20,20
715,26,26
716,4,4
717,4,4
718,28,28
719,17,17
720,28,28
721,15,15
722,10,10
723,26,26
724,24,24
725,18,18
726,7,7
727,8,8
728,7,7
729,10,10
730,17,17
731,10,10
732,25,25
733,9,9
734,26,26
735,7,7
736,26,26
737,16,16
738,1,2
739,19,19
740,3,3
741,6,6
742,6,6
743,20,20
744,34,34
745,27,27
746,2,2
747,0,0
748,8,8
749,6,6
750,19,19
751,0,0
752,18,18
753,29,29
754,2,2
755,11,11
756,23,23
757,27,27
758,13,13
759,25,25
760,12,12
761,21,21
762,7,7
763,30,30
764,17,17
765,15,15
766,28,28
767,21,21
768,16,16
769,11,11
770,6,6
771,12,12
772,15,15
773,20,20
774,2,2
775,10,10
776,25,25
777,6,6
778,4,4
779,16,16
780,24,24
781,14,26
782,6,6
783,17,17
784,6,6
785,15,15
786,20,20
787,19,19
788,33,33
789,30,30
790,5,20
791,33,33
792,10,10
793,6,6
794,4,4
795,28,28
796,15,15
797,27,27
798,32,32
799,1,1
800,32,32
801,16,16
802,3,3
803,28,28
804,19,19
805,27,27
806,20,20
807,3,3
808,29,29
809,26,26
810,31,31
811,1,1
812,7,7
813,15,15
814,25,25
815,34,34
816,24,24
817,24,24
818,8,8
819,27,27
820,29,29
821,2,2
822,12,12
823,12,12
824,22,22
825,33,33
826,17,17
827,5,5
828,7,7
829,22,22
830,15,15
831,25,25
832,26,26
833,29,29
834,15,15
835,11,11
836,4,4
837,12,12
838,32,32
839,20,20
840,8,8
841,20,20
842,21,21
843,9,9
844,14,14
845,4,4
846,15,15
847,26,26
848,12,12
849,12,12
850,11,11
851,29,29
852,24,24
853,5,5
854,17,17
855,29,29
856,26,26
857,8,8
858,28,28
859,24,24
860,34,34
861,21,21
862,19,19
863,7,7
864,33,8
865,14,14
866,32,32
867,28,28
868,32,32
869,9,9
870,28,28
871,1,1
872,9,9
873,13,13
874,33,33
875,21,21
876,7,7
877,27,27
878,26,26
879,6,6
880,3,3
881,3,3
882,17,17
883,5,5
884,11,11
885,11,11
886,12,12
887,3,3
888,24,24
889,23,23
890,31,31
891,31,31
892,19,19
893,30,30
894,34,34
895,4,4
896,22,22
897,23,23
898,1,1
899,12,12
900,32,32
901,7,7
902,19,19
903,24,24
904,0,0
905,33,33
906,26,26
907,11,11
908,23,23
909,9,9
910,21,21
911,16,16
912,8,8
913,1,1
914,34,34
915,33,33
916,20,20
917,33,33
918,25,25
919,26,26
920,22,22
921,13,13
922,15,15
923,11,11
924,24,24
925,6,15
926,4,4
927,24,24
928,26,26
929,25,25
930,27,27
931,21,21
932,27,27
933,11,11
934,10,10
935,22,22
936,10,10
937,22,22
938,27,27
939,25,25
940,7,7
941,19,19
942,31,31
943,1,1
944,12,12
945,17,17
946,26,26
947,33,33
948,18,18
949,15,15
950,3,3
951,25,25
952,11,11
953,16,16
954,9,9
955,34,34
956,3,3
957,14,14
958,31,31
959,12,12
960,21,21
961,20,20
962,15,15
963,1,1
964,8,8
965,13,13
966,7,7
967,6,6
968,28,28
969,17,17
970,8,8
971,15,15
972,21,21
973,0,0
974,14,14
975,30,30
976,34,34
977,25,25
978,5,5
979,1,1
980,20,20
981,2,2
982,30,30
983,30,30
984,28,28
985,18,18
986,25,25
987,29,29
988,32,32
989,10,10
990,15,15
991,31,31
992,17,17
993,16,16
994,14,14
995,9,9
996,18,18
997,28,28
998,20,20
999,20,20
1000,17,17
1001,7,7
1002,23,23
1003,18,18
1004,19,19
1005,22,22
1006,18,18
1007,20,5
1008,0,0
1009,34,34
1010,24,24
1011,13,13
1012,22,22
1013,34,34
1014,9,9
1015,24,24
1016,27,27
1017,9,9
1018,14,14
1019,25,25
1020,16,16
1021,28,28
1022,23,23
1023,17,17
1024,19,19
1025,21,21
1026,30,30
1027,2,2
1028,10,10
1029,10,10
1030,1,1
1031,3,3
1032,28,28
1033,20,20
1034,29,29
1035,4,4
1036,15,15
1037,30,30
1038,19,19
1039,25,25
1040,7,7
1041,10,10
1042,29,29
1043,15,15
1044,5,5
1045,21,21
1046,31,31
1047,1,1
1048,8,8
1049,5,5
1050,19,19
1051,31,31
1052,25,25
1053,7,7
1054,0,0
1055,28,28
1056,33,33
1057,22,31
1058,12,12
1059,2,2
1060,24,24
1061,26,26
1062,14,14
1063,20,20
1064,15,15
1065,19,19
1066,22,22
1067,32,32
1068,3,3
1069,5,5
1070,8,8
1071,0,0
1072,23,23
1073,3,3
1074,2,1
1075,21,21
1076,11,11
1077,0,0
1078,28,28
1079,27,27
1080,6,6
1081,23,23
1082,22,22
1083,5,5
1084,15,15
1085,21,21
1086,5,5
1087,15,15
1088,24,24
1089,5,5
1090,32,32
1091,29,29
1092,19,19
1093,8,8
1094,24,24
1095,27,27
1096,2,1
1097,21,21
1098,0,0
1099,21,21
1100,9,9
1101,32,32
1102,14,14
1103,11,11
1104,28,18
1105,13,13
1106,27,27
1107,1,1
1108,5,5
1109,3,3
1110,8,8
1111,7,7
1112,16,16
1113,29,29
1114,8,8
1115,4,4
1116,0,0
1117,27,27
1118,18,18
1119,2,2
1120,10,10
1121,31,31
1122,0,0
1123,23,23
1124,26,26
1125,10,10
1126,4,4
1127,15,15
1128,21,21
1129,11,11
1130,14,14
1131,24,24
1132,25,25
1133,13,13
1134,28,28
1135,17,17
1136,30,23
1137,0,0
1138,11,11
1139,7,7
1140,8,8
1141,11,11
1142,23,23
1143,9,9
1144,19,19
1145,34,34
1146,2,2
1147,1,1
1148,20,20
1149,4,4
1150,34,34
1151,23,23
1152,4,4
1153,33,33
1154,24,24
1155,34,34
1156,0,0
1157,12,12
1158,6,6
1159,22,22
1160,21,21
1161,0,0
1162,28,27
1163,28,28
1164,0,0
1165,12,12
1166,19,19
1167,25,25
1168,1,1
1169,8,8
1170,18,18
1171,3,3
1172,20,20
1173,18,18
1174,22,22
1175,34,34
1176,14,14
1177,16,16
1178,22,22
1179,23,23
1180,19,19
1181,15,15
1182,20,20
1183,6,6
1184,16,16
1185,18,18
1186,11,11
1187,29,29
1188,5,5
1189,26,26
1190,10,10
1191,9,9
1192,34,34
1193,29,29
1194,33,33
1195,27,27
1196,5,5
1197,5,5
1198,10,13
1199,3,3
1200,7,7
1201,30,30
1202,23,23
1203,6,6
1204,32,32
1205,0,0
1206,15,15
1207,3,3
1208,23,23
1209,14,14
1210,27,27
1211,10,10
1212,24,24
1213,14,14
1214,6,6
1215,19,19
1216,9,9
1217,19,19
1218,16,16
1219,22,22
1220,3,3
1221,24,24
1222,22,22
1223,20,20
1224,7,7
1225,15,15
1226,3,3
1227,31,31
1228,10,10
1229,8,8
1230,21,21
1231,10,10
1232,2,2
1233,24,24
1234,24,24
1235,34,34
1236,5,5
1237,25,25
1238,6,6
1239,16,16
1240,31,31
1241,16,16
1242,15,15
1243,10,10
1244,16,16
1245,3,3
1246,27,27
1247,16,16
1248,22,22
1249,26,26
1250,17,17
1251,34,34
1252,30,30
1253,2,2
1254,9,9
1255,23,23
1256,3,3
1257,27,27
1258,31,31
1259,30,30
1260,16,16
1261,17,17
1262,12,12
1263,3,3
1264,9,9
1265,34,34
1266,12,12
1267,7,7
1268,16,16
1269,16,16
1270,12,12
1271,34,34
1272,23,23
1273,34,34
1274,22,22
1275,28,28
1276,32,32
1277,32,32
1278,8,8
1279,9,9
1280,4,4
1281,21,21
1282,11,11
1283,9,9
1284,2,2
1285,5,5
1286,28,28
1287,12,12
1288,15,15
1289,10,10
1290,22,22
1291,9,9
1292,19,19
1293,19,19
1294,20,20
1295,29,29
1296,16,16
1297,31,31
1298,0,0
1299,16,16
1300,18,18
1301,22,22
1302,32,32
1303,27,27
1304,23,23
1305,20,20
1306,32,32
1307,32,32
1308,7,7
1309,16,16
1310,12,12
1311,12,12
1312,7,7
1313,20,20
1314,9,9
1315,12,12
1316,2,7
1317,25,25
1318,23,23
1319,11,11
1320,7,7
1321,23,23
1322,16,16
1323,27,27
1324,7,7
1325,12,12
1326,31,31
1327,11,11
1328,27,27
1329,14,14
1330,12,12
1331,16,16
1332,31,31
1333,7,7
1334,8,8
1335,19,19
1336,25,25
1337,30,30
1338,29,29
1339,33,33
1340,25,25
1341,4,4
1342,18,18
1343,32,32
1344,27,27
1345,16,16
1346,5,5
1347,22,22
1348,12,12
1349,12,12
1350,30,30
1351,20,20
1352,24,24
1353,25,25
1354,34,34
1355,11,11
1356,5,5
1357,30,30
1358,9,9
1359,8,8
1360,10,10
1361,12,12
1362,1,1
1363,15,15
1364,28,28
1365,33,33
1366,15,15
1367,13,13
1368,19,19
1369,20,20
1370,11,11
1371,14,14
1372,0,0
1373,31,31
1374,27,27
1375,4,4
1376,7,7
1377,10,10
1378,22,22
1379,21,21
1380,33,33
1381,11,11
1382,30,30
1383,34,34
1384,15,15
1385,28,28
1386,5,5
1387,0,0
1388,21,21
1389,21,21
1390,12,12
1391,29,29
1392,24,24
1393,8,8
1394,2,2
1395,25,25
1396,8,8
1397,23,23
1398,29,29
1399,28,28
1400,18,18
1401,13,13
1402,1,1
1403,29,29
1404,16,16
1405,4,4
1406,16,16
1407,3,3
1408,20,20
1409,24,24
1410,28,28
1411,20,20
1412,18,18
1413,34,34
1414,30,30
1415,21,21
1416,16,16
1417,0,0
1418,23,23
1419,12,12
1420,13,13
1421,23,23
1422,2,2
1423,16,16
1424,32,32
1425,29,29
1426,29,29
1427,7,7
1428,10,10
1429,20,20
1430,11,11
1431,18,18
1432,30,30
1433,6,6
1434,32,32
1435,26,26
1436,17,17
1437,13,13
1438,26,26
1439,22,22
1440,22,22
1441,10,10
1442,32,32
1443,22,22
1444,21,21
1445,27,27
1446,0,0
1447,13,13
1448,7,7
1449,4,4
1450,23,23
1451,12,12
1452,29,29
1453,26,26
1454,31,31
1455,5,5
1456,1,1
1457,22,22
1458,16,16
1459,26,26
1460,13,13
1461,28,28
1462,14,14
1463,32,32
1464,16,16
1465,22,22
1466,7,7
1467,32,32
1468,25,25
1469,9,9
1470,18,18
1471,13,13
1472,9,9
1473,24,24
1474,23,23
1475,7,7
1476,5,20
1477,32,32
1478,8,8
1479,18,18
1480,14,14
1481,30,30
1482,11,11
1483,3,3
1484,10,10
1485,29,29
1486,16,16
1487,0,0
1488,30,30
1489,3,3
1490,12,12
1491,20,20
1492,20,20
1493,27,27
1494,18,18
1495,16,16
1496,30,30
1497,1,1
1498,11,11
1499,9,9
1500,17,17
1501,23,6
1502,13,13
1503,11,11
1504,22,22
1505,16,16
1506,30,30
1507,29,29
1508,23,23
1509,24,24
1510,29,29
1511,33,33
1512,4,4
1513,34,34
1514,17,17
1515,31,31
1516,21,21
1517,31,31
1518,10,10
1519,17,17
1520,31,31
1521,26,26
1522,4,4
1523,21,21
1524,6,6
1525,3,3
1526,6,6
1527,17,17
1528,7,7
1529,8,8
1530,22,22
1531,17,17
1532,8,8
1533,10,10
1534,20,20
1535,21,21
1536,34,34
1537,9,9
1538,14,14
1539,32,32
1540,31,31
1541,6,6
1542,2,2
1543,31,31
1544,8,8
1545,24,24
1546,28,28
1547,32,32
1548,32,32
1549,10,10
1550,6,6
1551,34,34
1552,2,2
1553,12,12
1554,5,5
1555,14,14
1556,25,25
1557,3,3
1558,7,7
1559,26,26
1560,22,22
1561,4,4
1562,34,34
1563,14,14
1564,26,26
1565,31,31
1566,22,22
1567,12,12
1568,19,19
1569,13,13
1570,24,24
1571,18,18
1572,14,14
1573,10,10
1574,7,7
1575,2,2
1576,31,31
1577,5,5
1578,14,14
1579,16,16
1580,16,16
1581,8,8
1582,16,16
1583,10,10
1584,19,19
1585,34,34
1586,26,26
1587,23,23
1588,33,33
1589,20,20
1590,6,6
1591,26,26
1592,24,24
1593,29,29
1594,5,5
1595,5,5
1596,28,28
1597,4,4
1598,29,29
1599,4,4
1600,12,12
1601,30,30
1602,0,0
1603,17,17
1604,17,17
1605,12,12
1606,26,26
1607,0,0
1608,1,1
1609,32,32
1610,20,20
1611,33,33
1612,30,30
1613,3,3
1614,24,24
1615,31,31
1616,25,25
1617,3,3
1618,9,9
1619,15,15
1620,26,26
1621,12,12
1622,9,9
1623,26,26
1624,25,25
1625,29,29
1626,28,28
1627,34,34
1628,10,10
1629,24,24
1630,10,10
1631,23,23
1632,30,30
1633,11,11
1634,30,30
1635,26,26
1636,10,10
1637,2,2
1638,27,27
1639,26,26
1640,2,2
1641,34,34
1642,2,2
1643,3,3
1644,7,7
1645,33,33
1646,30,30
1647,24,24
1648,6,6
1649,5,5
1650,3,3
1651,30,30
1652,33,33
1653,31,31
1654,25,25
1655,34,34
1656,11,11
1657,6,6
1658,23,23
1659,12,12
1660,1,1
1661,13,13
1662,7,7
1663,27,27
1664,17,17
1665,3,3
1666,30,30
1667,16,16
1668,25,25
1669,8,8
1670,21,21
1671,28,28
1672,26,26
1673,8,8
1674,22,22
1675,33,33
1676,22,22
1677,14,14
1678,15,15
1679,28,28
1680,33,33
1681,10,13
1682,23,23
1683,31,31
1684,30,30
1685,20,20
1686,15,15
1687,24,24
1688,0,0
1689,16,16
1690,4,4
1691,23,23
1692,17,17
1693,32,32
1694,31,31
1695,22,22
1696,30,30
1697,10,10
1698,27,27
1699,27,14
1700,24,24
1701,1,1
1702,6,6
1703,11,11
1704,18,18
1705,13,13
1706,2,2
1707,16,16
1708,0,0
1709,21,21
1710,15,15
1711,30,30
1712,29,29
1713,23,23
1714,9,9
1715,0,0
1716,11,11
1717,12,12
1718,30,30
1719,2,2
1720,26,26
1721,13,13
1722,26,26
1723,12,12
1724,31,31
1725,26,26
1726,33,33
1727,28,28
1728,31,31
1729,18,18
1730,22,22
1731,6,6
1732,32,32
1733,34,34
1734,8,8
1735,0,0
1736,8,8
1737,19,19
1738,31,31
1739,32,32
1740,32,32
1741,19,19
1742,15,15
1743,19,19
1744,16,16
1745,15,15
1746,11,11
1747,1,1
1748,14,14
1749,17,17
1750,13,13
1751,18,18
1752,3,3
1753,1,1
1754,2,2
1755,31,31
1756,25,25
1757,7,7
1758,6,6
1759,33,33
1760,13,13
1761,9,9
1762,23,23
1763,34,34
1764,6,6
1765,2,2
1766,20,20
1767,3,3
1768,32,32
1769,29,29
1770,2,2
1771,21,21
1772,16,16
1773,15,15
1774,17,17
1775,1,1
1776,4,4
1777,0,0
1778,14,14
1779,6,6
1780,23,23
1781,27,27
1782,13,13
1783,28,28
1784,22,22
1785,9,9
1786,9,9
1787,34,34
1788,29,29
1789,14,14
1790,2,2
1791,14,14
1792,10,10
1793,20,20
1794,9,9
1795,29,29
1796,15,15
1797,34,34
1798,22,22
1799,23,23
1800,4,4
1801,32,32
1802,34,34
1803,2,2
1804,14,14
1805,21,21
1806,25,25
1807,20,20
1808,5,5
1809,15,15
1810,17,17
1811,28,28
1812,31,31
1813,15,15
1814,9,9
1815,17,17
1816,6,6
1817,29,29
1818,0,0
1819,12,12
1820,24,24
1821,11,11
1822,29,29
1823,28,28
1824,32,32
1825,23,23
1826,16,16
1827,23,23
1828,25,25
1829,8,8
1830,24,24
1831,31,31
1832,14,14
1833,17,17
1834,26,26
1835,15,15
1836,34,34
1837,12,12
1838,1,1
1839,17,17
1840,13,13
1841,33,33
1842,15,15
1843,12,12
1844,10,10
1845,29,29
1846,9,9
1847,6,6
1848,12,12
1849,13,13
1850,12,12
1851,25,25
1852,0,0
1853,12,12
1854,12,12
1855,27,27
1856,14,14
1857,29,29
1858,8,8
1859,12,12
1860,14,27
1861,31,31
1862,29,29
1863,3,3
1864,15,15
1865,3,3
1866,8,8
1867,21,21
1868,34,34
1869,12,13
1870,32,32
1871,0,0
1872,8,8
1873,14,14
1874,9,9
1875,10,10
1876,0,0
1877,28,28
1878,10,10
1879,21,21
1880,9,9
1881,4,4
1882,3,3
1883,15,15
1884,11,11
1885,8,8
1886,28,28
1887,19,19
1888,28,28
1889,19,19
1890,18,18
1891,21,21
1892,24,24
1893,18,18
1894,23,23
1895,30,30
1896,29,29
1897,31,31
1898,0,0
1899,3,3
1900,2,2
1901,27,27
1902,3,2
1903,18,18
1904,15,15
1905,13,13
1906,18,18
1907,3,3
1908,6,6
1909,2,2
1910,0,0
1911,17,17
1912,16,16
1913,22,22
1914,27,27
1915,21,21
1916,29,29
1917,1,1
1918,18,18
1919,25,25
1920,12,12
1921,34,34
1922,12,12
1923,32,32
1924,3,3
1925,9,9
1926,1,1
1927,9,9
1928,28,28
1929,1,1
1930,16,16
1931,9,9
1932,0,0
1933,28,28
1934,20,20
1935,33,33
1936,2,2
1937,24,24
1938,11,11
1939,1,1
1940,5,5
1941,9,9
1942,29,29
1943,7,7
1944,21,21
1945,27,27
1946,4,4
1947,0,0
1948,29,29
1949,17,17
1950,1,1
1951,3,3
1952,0,0
1953,17,17
1954,9,9
1955,18,18
1956,15,15
1957,9,9
1958,20,20
1959,24,24
1960,30,30
1961,33,33
1962,24,24
1963,5,5
1964,7,7
1965,9,9
1966,26,26
1967,16,16
1968,25,25
1969,2,2
1970,32,32
1971,12,12
1972,29,29
1973,1,1
1974,29,29
1975,26,26
1976,22,22
1977,8,8
1978,28,28
1979,16,16
1980,2,2
1981,2,1
1982,18,18
1983,33,33
1984,6,6
1985,16,16
1986,14,14
1987,7,7
1988,27,27
1989,28,28
1990,8,8
1991,16,16
1992,13,13
1993,14,14
1994,30,30
1995,1,1
1996,5,5
1997,21,21
1998,27,27
1999,22,22
2000,11,11
2001,19,19
2002,23,23
2003,16,16
2004,31,31
2005,32,32
2006,21,21
2007,9,9
2008,14,14
2009,3,3
2010,33,33
2011,32,32
2012,5,5
2013,8,8
2014,6,6
2015,5,5
2016,7,7
2017,14,14
2018,0,0
2019,22,22
2020,7,7
2021,26,26
2022,1,2
2023,23,23
2024,27,27
2025,21,21
2026,11,11
2027,4,4
2028,7,7
2029,7,7
2030,21,21
2031,30,30
2032,29,29
2033,14,14
2034,20,20
2035,1,1
2036,17,17
2037,25,25
2038,11,11
2039,10,10
2040,8,13
2041,24,24
2042,6,6
2043,19,19
2044,4,4
2045,26,26
2046,21,21
2047,6,6
2048,10,10
2049,28,28
2050,18,18
2051,8,8
2052,16,16
2053,14,14
2054,16,16
2055,5,5
2056,10,10
2057,24,24
2058,34,34
2059,31,31
2060,5,5
2061,18,18
2062,33,33
2063,26,26
2064,20,20
2065,16,16
2066,12,12
2067,2,2
2068,12,12
2069,21,21
2070,25,25
2071,23,23
2072,23,23
2073,28,28
2074,10,10
2075,14,14
2076,21,21
2077,15,15
2078,16,16
2079,5,5
2080,12,12
2081,33,33
2082,23,23
2083,6,6
2084,20,20
2085,31,31
2086,25,25
2087,26,26
2088,12,12
2089,18,18
2090,3,3
2091,20,20
2092,7,7
2093,9,9
2094,31,31
2095,31,31
2096,8,8
2097,33,33
2098,9,9
2099,30,30
2100,5,5
2101,23,23
2102,23,23
2103,31,31
2104,9,9
2105,3,3
2106,34,34
2107,7,7
2108,24,24
2109,11,11
2110,26,26
2111,20,20
2112,27,27
2113,7,7
2114,6,6
2115,32,32
2116,25,25
2117,25,25
2118,6,6
2119,17,17
2120,18,18
2121,29,29
2122,1,1
2123,13,13
2124,23,23
2125,27,27
2126,22,22
2127,4,4
2128,26,26
2129,11,11
2130,5,5
2131,16,16
2132,7,7
2133,31,31
2134,22,22
2135,9,9
2136,25,25
2137,16,16
2138,34,34
2139,12,12
2140,24,24
2141,7,7
2142,32,32
2143,5,5
2144,20,20
2145,33,33
2146,7,7
2147,3,3
2148,5,5
2149,29,29
2150,5,5
2151,25,25
2152,30,30
2153,1,1
2154,28,28
2155,7,7
2156,31,31
2157,18,18
2158,15,15
2159,11,11
2160,17,17
2161,9,9
2162,23,23
2163,28,28
2164,23,23
2165,16,16
2166,26,26
2167,5,5
2168,7,7
2169,34,34
2170,16,16
2171,7,7
2172,19,19
2173,18,18
2174,33,33
2175,0,0
2176,30,30
2177,33,33
2178,14,14
2179,17,17
2180,32,32
2181,14,14
2182,31,31
2183,18,18
2184,0,0
2185,21,21
2186,0,0
2187,26,26
2188,26,26
2189,34,34
2190,17,17
2191,13,13
2192,12,12
2193,20,20
2194,4,4
2195,34,34
2196,2,2
2197,20,20
2198,21,21
2199,3,3
2200,26,26
2201,13,13
2202,19,19
2203,33,33
2204,12,12
2205,34,34
2206,24,24
2207,10,10
2208,16,16
2209,30,30
2210,18,18
2211,2,2
2212,2,2
2213,8,8
2214,25,25
2215,14,14
2216,34,34
2217,3,3
2218,21,21
2219,31,31
2220,19,19
2221,23,23
2222,15,15
2223,5,5
2224,10,10
2225,20,20
2226,32,32
2227,17,17
2228,18,18
2229,22,22
2230,29,29
2231,5,5
2232,23,23
2233,18,18
2234,2,2
2235,18,18
2236,24,24
2237,29,29
2238,6,6
2239,15,15
2240,13,13
2241,12,12
2242,3,3
2243,21,21
2244,6,6
2245,2,2
2246,32,32
2247,13,13
2248,32,32
2249,7,7
2250,24,24
2251,8,8
2252,11,11
2253,7,7
2254,17,17
2255,0,0
2256,34,34
2257,34,34
2258,10,10
2259,16,16
2260,17,17
2261,5,5
2262,20,20
2263,1,1
2264,15,15
2265,33,33
2266,11,11
2267,31,31
2268,13,13
2269,19,19
2270,4,4
2271,34,34
2272,16,16
2273,2,2
2274,32,32
2275,19,19
2276,24,24
2277,2,2
2278,22,22
2279,22,22
2280,23,23
2281,26,26
2282,17,17
2283,34,34
2284,22,22
2285,32,32
2286,10,10
2287,17,17
2288,14,14
2289,16,26
2290,22,22
2291,19,19
2292,30,30
2293,24,24
2294,25,25
2295,24,24
2296,18,18
2297,19,19
2298,9,9
2299,23,23
2300,2,1
2301,11,11
2302,5,5
2303,30,30
2304,11,11
2305,15,15
2306,11,11
2307,8,8
2308,15,15
2309,17,17
2310,8,8
2311,5,5
2312,27,27
2313,33,33
2314,11,11
2315,9,9
2316,17,17
2317,12,12
2318,25,25
2319,28,28
2320,34,34
2321,5,5
2322,15,15
2323,16,16
2324,4,4
2325,10,10
2326,10,10
2327,5,5
2328,28,28
2329,3,3
2330,22,22
2331,25,25
2332,6,6
2333,18,18
2334,31,31
2335,0,0
2336,24,24
2337,21,21
2338,11,11
2339,22,22
2340,32,32
2341,8,8
2342,7,7
2343,11,11
2344,29,29
2345,17,17
2346,13,13
2347,21,21
2348,4,4
2349,25,25
2350,19,19
2351,18,18
2352,28,28
2353,2,2
2354,20,20
2355,8,8
2356,12,12
2357,2,2
2358,17,17
2359,26,26
2360,9,9
2361,23,23
2362,24,24
2363,7,7
2364,5,5
2365,7,7
2366,1,1
2367,15,15
2368,27,27
2369,28,28
2370,17,17
2371,9,9
2372,22,22
2373,26,26
2374,16,16
2375,13,13
2376,10,10
2377,3,3
2378,7,7
2379,33,33
2380,22,22
2381,20,20
2382,15,15
2383,16,16
2384,13,13
2385,21,21
2386,19,19
2387,17,17
2388,28,28
2389,13,13
2390,3,3
2391,15,15
2392,26,26
2393,4,4
2394,21,21
2395,20,20
2396,17,17
2397,13,13
2398,30,30
2399,14,14
2400,24,24
2401,28,28
2402,17,17
2403,27,27
2404,20,20
2405,7,7
2406,28,28
2407,6,6
2408,13,13
2409,20,20
2410,15,15
2411,17,17
2412,27,27
2413,17,17
2414,16,16
2415,12,12
2416,15,15
2417,29,29
2418,3,3
2419,34,34
2420,18,18
2421,34,34
2422,33,33
2423,11,11
2424,9,9
2425,4,4
2426,19,19
2427,11,11
2428,27,27
2429,29,29
2430,20,20
2431,6,6
2432,31,31
2433,6,6
2434,1,1
2435,4,4
2436,4,4
2437,28,28
2438,28,28
2439,22,22
2440,22,22
2441,7,7
2442,27,27
2443,28,28
2444,28,28
2445,25,25
2446,33,33
2447,13,13
2448,18,18
2449,7,7
2450,9,9
2451,23,23
2452,19,19
2453,9,9
2454,3,3
2455,3,3
2456,33,33
2457,32,32
2458,12,12
2459,2,2
2460,20,20
2461,34,34
2462,1,1
2463,32,32
2464,1,1
2465,14,14
2466,11,11
2467,17,17
2468,31,31
2469,23,23
2470,11,11
2471,14,14
2472,9,9
2473,17,17
2474,11,11
2475,6,6
2476,27,27
2477,15,15
2478,21,21
2479,6,6
2480,2,2
2481,8,8
2482,31,31
2483,12,12
2484,9,9
2485,19,19
2486,16,16
2487,12,12
2488,34,34
2489,12,12
2490,2,2
2491,20,20
2492,17,17
2493,3,3
2494,12,12
2495,27,27
2496,7,7
2497,21,21
2498,11,11
2499,18,18
2500,0,0
2501,34,34
2502,34,34
2503,33,33
2504,29,29
2505,28,28
2506,6,6
2507,29,29
2508,5,5
2509,4,4
2510,12,12
2511,22,22
2512,30,30
2513,31,31
2514,26,26
2515,4,4
2516,32,32
2517,14,14
2518,30,30
2519,22,22
2520,16,16
2521,20,20
2522,30,30
2523,27,27
2524,34,34
2525,11,11
2526,24,24
2527,29,29
2528,18,18
2529,18,18
2530,13,13
2531,1,1
2532,11,11
2533,12,12
2534,0,0
2535,3,3
2536,21,21
2537,34,34
2538,31,31
2539,2,2
2540,22,22
2541,23,23
2542,32,32
2543,33,33
2544,2,2
2545,15,15
2546,18,18
2547,23,23
2548,15,15
2549,27,27
2550,20,20
2551,17,17
2552,7,7
2553,13,13
2554,24,24
2555,0,0
2556,4,4
2557,15,15
2558,19,19
2559,8,8
2560,27,27
2561,30,30
2562,12,12
2563,34,34
2564,12,12
2565,25,25
2566,5,5
2567,31,31
2568,7,7
2569,16,16
2570,11,11
2571,10,10
2572,23,23
2573,9,9
2574,5,5
2575,30,30
2576,10,10
2577,1,2
2578,0,0
2579,26,26
2580,14,14
2581,26,26
2582,4,4
2583,13,13
2584,3,3
2585,14,14
2586,2,2
2587,29,29
2588,4,4
2589,12,12
2590,10,10
2591,18,18
2592,23,23
2593,34,34
2594,19,19
2595,11,11
2596,25,25
2597,29,29
2598,0,0
2599,16,16
2600,1,1
2601,34,34
2602,4,4
2603,1,1
2604,29,29
2605,24,24
2606,1,1
2607,1,1
2608,32,32
2609,28,28
2610,10,10
2611,30,30
2612,10,10
2613,15,15
2614,4,4
2615,0,0
2616,29,29
2617,1,1
2618,14,14
2619,8,11
2620,33,33
2621,25,25
2622,12,12
2623,16,16
2624,12,12
2625,21,21
2626,16,16
2627,27,27
2628,21,21
2629,19,19
2630,18,18
2631,33,33
2632,18,18
2633,16,16
2634,32,32
2635,21,21
2636,2,2
2637,9,9
2638,19,19
2639,32,32
2640,9,9
2641,21,21
2642,17,17
2643,20,20
2644,6,6
2645,11,11
2646,17,17
2647,13,13
2648,3,3
2649,7,7
2650,24,24
2651,0,0
2652,27,27
2653,29,29
2654,30,30
2655,24,24
2656,31,31
2657,34,34
2658,31,31
2659,3,3
2660,15,15
2661,18,18
2662,30,30
2663,8,8
2664,5,5
2665,5,5
2666,15,15
2667,24,24
2668,23,23
2669,16,16
2670,0,0
2671,8,8
2672,16,16
2673,9,9
2674,30,30
2675,11,11
2676,27,27
2677,33,33
2678,12,12
2679,30,30
2680,16,16
2681,24,24
2682,21,21
2683,17,17
2684,5,5
2685,0,0
2686,33,33
2687,11,11
2688,3,3
2689,11,11
2690,18,18
2691,2,2
2692,0,0
2693,14,14
2694,1,1
2695,22,22
2696,26,26
2697,32,32
2698,31,31
2699,14,14
2700,21,21
2701,14,14
2702,24,24
2703,4,4
2704,26,26
2705,23,23
2706,25,25
2707,34,34
2708,18,18
2709,34,34
2710,15,15
2711,15,15
2712,5,5
2713,27,27
2714,10,10
2715,13,13
2716,5,5
2717,22,22
2718,4,4
2719,2,2
2720,15,15
2721,18,18
2722,29,29
2723,17,17
2724,34,34
2725,20,20
2726,14,14
2727,5,5
2728,34,34
2729,33,33
2730,11,11
2731,0,0
2732,11,11
2733,26,26
2734,19,19
2735,25,25
2736,12,12
2737,5,5
2738,3,3
2739,1,1
2740,28,28
2741,13,13
2742,2,2
2743,31,31
2744,33,33
2745,27,27
2746,6,6
2747,24,24
2748,8,8
2749,19,19
2750,18,18
2751,5,5
2752,6,6
2753,18,18
2754,9,9
2755,31,31
2756,33,33
2757,31,31
2758,32,32
2759,16,16
2760,17,17
2761,2,2
2762,20,20
2763,34,34
2764,19,19
2765,19,19
2766,6,6
2767,28,28
2768,23,23
2769,15,15
2770,31,31
2771,30,30
2772,6,6
2773,26,26
2774,28,28
2775,25,25
2776,25,25
2777,11,13
2778,4,4
2779,20,20
2780,9,9
2781,0,0
2782,30,30
2783,31,31
2784,15,15
2785,11,11
2786,20,20
2787,3,3
2788,30,30
2789,34,34
2790,27,27
2791,5,5
2792,28,28
2793,24,24
2794,8,8
2795,33,33
2796,25,25
2797,0,0
2798,15,15
2799,19,19
2800,20,20
2801,18,18
2802,31,31
2803,21,21
2804,25,25
2805,14,14
2806,33,33
2807,1,1
2808,12,12
2809,28,28
2810,12,12
2811,33,33
2812,2,2
2813,26,26
2814,18,18
2815,20,20
2816,1,1
2817,1,1
2818,0,0
2819,9,9
2820,27,27
2821,33,33
2822,1,1
2823,34,34
2824,0,0
2825,8,8
2826,20,20
2827,21,21
2828,1,1
2829,12,12
2830,2,2
2831,17,17
2832,13,13
2833,14,14
2834,30,30
2835,9,9
2836,18,18
2837,4,4
2838,23,23
2839,20,20
2840,20,20
2841,2,2
2842,29,29
2843,11,11
2844,6,6
2845,4,4
2846,6,6
2847,28,28
2848,23,23
2849,25,25
2850,25,25
2851,2,2
2852,10,10
2853,23,23
2854,31,31
2855,22,22
2856,10,10
2857,29,29
2858,19,19
2859,31,31
2860,28,28
2861,23,23
2862,22,22
2863,0,0
2864,12,12
2865,27,27
2866,1,1
2867,4,4
2868,26,26
2869,10,10
2870,2,2
2871,22,22
2872,13,13
2873,1,1
2874,29,29
2875,12,12
2876,31,31
2877,17,17
2878,16,16
2879,28,28
2880,11,11
2881,28,28
2882,34,34
2883,0,0
2884,18,18
2885,6,6
2886,5,5
2887,16,16
2888,12,12
2889,11,11
2890,14,14
2891,32,32
2892,26,26
2893,19,19
2894,26,26
2895,30,30
2896,26,26
2897,32,32
2898,12,12
2899,19,19
2900,32,32
2901,10,10
2902,34,34
2903,32,32
2904,30,30
2905,18,18
2906,18,18
2907,1,1
2908,13,13
2909,14,14
2910,27,27
2911,26,26
2912,13,13
2913,11,11
2914,7,7
2915,29,29
2916,16,16
2917,6,6
2918,0,0
2919,22,22
2920,20,20
2921,2,2
2922,13,13
2923,23,23
2924,29,29
2925,10,10
2926,25,25
2927,4,4
2928,10,10
2929,23,23
2930,2,2
2931,27,27
2932,32,32
2933,2,2
2934,8,8
2935,31,31
2936,27,27
2937,9,9
2938,0,0
2939,9,9
2940,31,31
2941,19,19
2942,29,29
2943,26,26
2944,16,16
2945,33,33
2946,22,22
2947,15,15
2948,20,20
2949,17,17
2950,27,27
2951,3,3
2952,28,28
2953,21,21
2954,5,5
2955,28,28
2956,27,14
2957,20,20
2958,24,24
2959,2,2
2960,2,2
2961,9,9
2962,24,24
2963,27,27
2964,14,14
2965,23,23
2966,13,13
2967,9,9
2968,29,29
2969,31,31
2970,29,29
2971,31,31
2972,20,20
2973,2,2
2974,5,5
2975,33,33
2976,19,19
2977,17,17
2978,15,15
2979,31,31
2980,28,28
2981,31,31
2982,6,6
2983,34,34
2984,10,10
2985,15,15
2986,8,8
2987,26,26
2988,32,32
2989,0,0
2990,34,34
2991,28,28
2992,22,22
2993,19,19
2994,9,9
2995,16,16
2996,30,30
2997,20,20
2998,1,1
2999,10,10
3000,4,4
3001,0,0
3002,20,20
3003,28,28
3004,11,11
3005,8,8
3006,15,15
3007,26,26
3008,1,1
3009,33,33
3010,1,1
3011,20,20
3012,19,19
3013,2,2
3014,32,32
3015,6,6
3016,3,3
3017,18,18
3018,6,6
3019,28,28
3020,12,12
3021,18,18
3022,17,17
3023,7,7
3024,33,33
3025,5,5
3026,32,32
3027,25,25
3028,27,27
3029,21,21
3030,22,22
3031,27,27
3032,15,15
3033,10,10
3034,31,31
3035,15,15
3036,21,21
3037,19,19
3038,9,9
3039,12,12
3040,30,30
3041,25,25
3042,22,13
3043,21,21
3044,29,29
3045,9,9
3046,27,27
3047,6,6
3048,14,14
3049,29,29
3050,30,30
3051,14,14
3052,2,2
3053,27,27
3054,20,20
3055,1,1
3056,15,15
3057,12,12
3058,6,6
3059,27,27
3060,15,15
3061,22,22
3062,21,21
3063,6,6
3064,19,19
3065,19,19
3066,0,0
3067,33,33
3068,31,31
3069,22,22
3070,27,27
3071,4,4
3072,22,22
3073,8,8
3074,8,8
3075,24,24
3076,11,11
3077,19,19
3078,10,10
3079,24,24
3080,7,7
3081,3,3
3082,2,2
3083,0,0
3084,10,10
3085,12,12
3086,22,22
3087,15,15
3088,10,10
3089,20,20
3090,15,15
3091,28,28
3092,11,11
3093,25,25
3094,12,12
3095,3,3
3096,13,13
3097,9,9
3098,18,18
3099,29,29
3100,33,33
3101,1,1
3102,31,31
3103,33,33
3104,3,3
3105,33,33
3106,1,2
3107,23,23
3108,18,18
3109,22,22
3110,7,7
3111,34,34
3112,6,6
3113,32,32
3114,29,29
3115,8,8
3116,33,33
3117,29,29
3118,33,33
3119,13,13
3120,19,19
3121,22,22
3122,12,12
3123,14,14
3124,24,24
3125,4,4
3126,12,12
3127,17,17
3128,25,25
3129,8,8
3130,20,20
3131,10,10
3132,5,5
3133,12,12
3134,4,4
3135,22,22
3136,32,32
3137,16,16
3138,17,17
3139,7,7
3140,12,12
3141,20,20
3142,2,2
3143,4,4
3144,21,21
3145,26,26
3146,32,32
3147,3,3
3148,2,2
3149,22,22
3150,7,7
3151,23,23
3152,4,4
3153,16,16
3154,17,17
3155,31,31
3156,4,4
3157,4,4
3158,34,34
3159,15,15
3160,8,8
3161,10,10
3162,21,21
3163,5,5
3164,20,20
3165,11,11
3166,25,25
3167,5,5
3168,34,34
3169,30,30
3170,21,21
3171,16,16
3172,17,17
3173,26,26
3174,15,15
3175,18,18
3176,20,20
3177,14,14
3178,9,9
3179,17,17
3180,31,31
3181,1,1
3182,5,5
3183,9,9
3184,32,32
3185,4,4
3186,28,28
3187,28,28
3188,6,6
3189,17,17
3190,24,24
3191,25,25
3192,10,10
3193,11,11
3194,26,26
3195,26,26
3196,31,31
3197,3,3
3198,7,7
3199,12,12
3200,0,0
3201,8,8
3202,14,14
3203,1,1
3204,13,13
3205,25,25
3206,22,22
3207,16,16
3208,7,7
3209,19,19
3210,33,33
3211,2,1
3212,2,2
3213,16,16
3214,24,24
3215,7,7
3216,3,3
3217,22,22
3218,15,15
3219,18,18
3220,23,23
3221,7,7
3222,9,9
3223,10,10
3224,11,11
3225,34,34
3226,26,26
3227,30,30
3228,11,11
3229,6,6
3230,0,0
3231,25,25
3232,15,15
3233,11,9
3234,31,31
3235,13,13
3236,25,25
3237,2,2
3238,13,13
3239,28,28
3240,19,19
3241,26,26
3242,7,7
3243,12,12
3244,33,33
3245,16,16
3246,29,29
3247,23,23
3248,19,19
3249,8,8
3250,20,20
3251,34,34
3252,2,2
3253,17,17
3254,18,18
3255,27,27
3256,13,13
3257,25,25
3258,27,27
3259,14,14
3260,25,25
3261,6,6
3262,19,19
3263,23,23
3264,27,27
3265,25,25
3266,4,4
3267,16,16
3268,21,21
3269,3,3
3270,32,32
3271,24,24
3272,21,21
3273,28,28
3274,7,7
3275,30,30
3276,8,8
3277,13,13
3278,3,3
3279,23,23
3280,22,22
3281,19,19
3282,30,30
3283,3,3
3284,5,5
3285,20,20
3286,12,12
3287,30,30
3288,28,28
3289,23,23
3290,7,7
3291,22,22
3292,25,25
3293,31,31
3294,22,22
3295,0,0
3296,20,20
3297,13,13
3298,18,18
3299,24,24
3300,21,21
3301,22,22
3302,9,9
3303,16,16
3304,31,31
3305,10,10
3306,27,27
3307,11,11
3308,30,30
3309,6,6
3310,16,16
3311,28,28
3312,32,32
3313,0,0
3314,11,11
3315,13,13
3316,17,17
3317,13,13
3318,26,26
3319,33,11
3320,1,1
3321,2,1
3322,14,14
3323,28,28
3324,29,29
3325,25,25
3326,17,17
3327,33,33
3328,25,25
3329,11,11
3330,15,15
3331,4,4
3332,34,34
3333,28,28
3334,7,7
3335,22,22
3336,17,17
3337,9,9
3338,6,6
3339,21,21
3340,5,5
3341,7,7
3342,3,3
3343,5,5
3344,21,21
3345,1,1
3346,22,22
3347,4,4
3348,26,26
3349,19,19
3350,25,25
3351,0,0
3352,29,29
3353,2,2
3354,2,2
3355,15,15
3356,28,18
3357,8,8
3358,15,15
3359,3,3
3360,23,23
3361,33,33
3362,18,18
3363,32,32
3364,30,30
3365,22,22
3366,19,19
3367,6,6
3368,5,5
3369,27,27
3370,33,33
3371,0,0
3372,3,3
3373,17,17
3374,19,19
3375,3,3
3376,28,28
3377,5,5
3378,2,2
3379,1,1
3380,30,30
3381,18,18
3382,29,29
3383,25,25
3384,6,6
3385,5,5
3386,28,28
3387,33,33
3388,19,19
3389,16,16
3390,14,14
3391,1,1
3392,7,7
3393,19,19
3394,27,27
3395,0,0
3396,24,24
3397,20,20
3398,16,16
3399,24,24
3400,12,12
3401,5,5
3402,24,24
3403,8,8
3404,22,22
3405,16,16
3406,21,21
3407,32,32
3408,28,28
3409,14,14
3410,33,33
3411,16,16
3412,33,33
3413,9,9
3414,18,18
3415,24,24
3416,30,30
3417,1,1
3418,3,3
3419,17,17
3420,18,18
3421,28,28
3422,17,17
3423,11,11
3424,28,28
3425,7,7
3426,18,18
3427,7,7
3428,32,32
3429,18,18
3430,8,8
3431,13,13
3432,23,23
3433,2,2
3434,13,13
3435,17,17
3436,14,14
3437,7,7
3438,20,20
3439,21,21
3440,21,21
3441,24,24
3442,30,30
3443,2,2
3444,4,4
3445,6,6
3446,9,9
3447,8,8
3448,28,28
3449,21,21
3450,13,13
3451,3,3
3452,27,27
3453,11,11
3454,13,13
3455,14,14
3456,17,17
3457,10,10
3458,1,1
3459,18,18
3460,14,14
3461,4,4
3462,27,27
3463,17,17
3464,11,11
3465,14,14
3466,31,31
3467,15,15
3468,1,1
3469,1,1
3470,13,13
3471,27,27
3472,19,19
3473,10,10
3474,32,32
3475,10,10
3476,33,33
3477,17,17
3478,25,25
3479,18,18
3480,24,24
3481,22,22
3482,17,17
3483,11,11
3484,17,17
3485,20,20
3486,17,17
3487,23,23
3488,10,10
3489,31,31
3490,3,3
3491,2,2
3492,9,9
3493,23,23
3494,14,14
3495,5,5
3496,19,19
3497,17,17
3498,12,12
3499,24,24
3500,8,8
3501,30,30
3502,34,34
3503,10,10
3504,12,12
3505,29,29
3506,7,7
3507,13,13
3508,5,5
3509,11,11
3510,13,13
3511,34,34
3512,8,8
3513,8,8
3514,34,34
3515,14,14
3516,13,13
3517,11,11
3518,11,11
3519,0,0
3520,21,21
3521,11,11
3522,18,18
3523,11,11
3524,27,27
3525,12,12
3526,14,14
3527,31,31
3528,32,32
3529,2,2
3530,4,4
3531,9,9
3532,30,30
3533,6,6
3534,3,3
3535,25,25
3536,30,30
3537,8,8
3538,14,14
3539,34,34
3540,30,30
3541,9,9
3542,27,27
3543,29,29
3544,30,30
3545,29,29
3546,19,19
3547,3,3
3548,11,11
3549,32,32
3550,18,18
3551,33,33
3552,8,8
3553,29,29
3554,20,20
3555,25,25
3556,17,17
3557,4,4
3558,6,6
3559,34,34
3560,17,17
3561,7,7
3562,15,15
3563,10,10
3564,3,3
3565,7,7
3566,7,7
3567,29,29
3568,24,24
3569,13,13
3570,18,18
3571,8,8
3572,30,30
3573,7,7
3574,30,30
3575,13,13
3576,29,29
3577,28,28
3578,29,29
3579,26,26
3580,33,33
3581,33,33
3582,2,2
3583,32,32
3584,30,30
3585,11,11
3586,15,15
3587,6,6
3588,27,27
3589,12,12
3590,31,31
3591,27,27
3592,28,28
3593,3,3
3594,6,6
3595,17,17
3596,0,0
3597,2,2
3598,15,15
3599,25,25
3600,2,2
3601,10,10
3602,25,25
3603,20,20
3604,18,18
3605,7,7
3606,8,8
3607,28,28
3608,19,19
3609,19,19
3610,9,9
3611,9,9
3612,26,26
3613,15,15
3614,8,8
3615,7,7
3616,25,25
3617,16,16
3618,6,6
3619,28,28
3620,15,15
3621,1,1
3622,34,34
3623,13,10
3624,12,12
3625,28,28
3626,7,7
3627,32,32
3628,34,34
3629,9,9
3630,28,28
3631,9,9
3632,17,17
3633,0,0
3634,23,23
3635,13,13
3636,4,4
3637,14,14
3638,10,10
3639,19,19
3640,16,16
3641,7,7
3642,22,22
3643,11,11
3644,22,22
3645,32,32
3646,24,24
3647,21,21
3648,18,18
3649,14,14
3650,33,33
3651,34,34
3652,3,3
3653,5,5
3654,5,5
3655,34,34
3656,11,11
3657,19,19
3658,25,25
3659,18,18
3660,27,27
3661,24,24
3662,32,32
3663,26,26
3664,30,30
3665,17,17
3666,25,25
3667,16,16
3668,13,13
3669,14,14
3670,25,25
3671,17,17
3672,30,30
3673,6,6
3674,9,9
3675,27,27
3676,21,21
3677,34,34
3678,0,0
3679,27,27
3680,22,22
3681,24,24
3682,31,31
3683,2,2
3684,33,33
3685,22,22
3686,5,5
3687,0,0
3688,0,0
3689,2,2
3690,29,29
3691,10,10
3692,0,0
3693,14,14
3694,17,17
3695,2,2
3696,0,0
3697,5,5
3698,24,24
3699,25,25
3700,19,19
3701,3,3
3702,4,4
3703,14,14
3704,12,12
3705,23,23
3706,10,10
3707,15,15
3708,9,9
3709,34,34
3710,24,24
3711,16,16
3712,19,19
3713,31,31
3714,7,7
3715,31,31
3716,33,33
3717,18,18
3718,20,20
3719,30,30
3720,24,24
3721,8,8
3722,28,28
3723,5,5
3724,4,4
3725,29,29
3726,10,10
3727,27,27
3728,33,33
3729,0,0
3730,11,13
3731,12,12
3732,2,2
3733,30,30
3734,2,2
3735,1,1
3736,34,34
3737,16,16
3738,34,34
3739,19,19
3740,15,15
3741,19,19
3742,5,5
3743,26,26
3744,34,34
3745,20,20
3746,4,4
3747,21,21
3748,14,14
3749,9,9
3750,32,32
3751,13,13
3752,23,23
3753,13,13
3754,31,31
3755,26,26
3756,13,13
3757,0,0
3758,29,29
3759,21,21
3760,28,28
3761,33,33
3762,9,9
3763,14,14
3764,17,17
3765,6,6
3766,27,27
3767,4,4
3768,14,14
3769,9,9
3770,9,9
3771,3,3
3772,34,34
3773,19,19
3774,7,7
3775,13,13
3776,19,19
3777,8,8
3778,18,18
3779,9,9
3780,2,2
3781,4,4
3782,0,0
3783,5,5
3784,16,16
3785,22,22
3786,14,14
3787,12,12
3788,4,4
3789,25,25
3790,22,22
3791,28,28
3792,20,20
3793,21,21
3794,5,5
3795,14,14
3796,3,3
3797,18,18
3798,27,27
3799,33,33
3800,25,25
3801,20,20
3802,0,0
3803,23,23
3804,7,7
3805,7,7
3806,4,4
3807,11,11
3808,16,16
3809,15,15
3810,9,9
3811,33,33
3812,29,29
3813,16,16
3814,11,11
3815,24,24
3816,21,21
3817,15,15
3818,31,31
3819,28,28
3820,9,9
3821,2,2
3822,14,14
3823,17,17
3824,11,11
3825,32,32
3826,21,21
3827,13,13
3828,23,23
3829,18,18
3830,29,29
3831,29,29
3832,18,18
3833,10,10
3834,31,31
3835,14,14
3836,31,31
3837,8,8
3838,9,9
3839,4,4
3840,33,33
3841,25,25
3842,28,28
3843,22,22
3844,11,11
3845,13,13
3846,20,20
3847,2,2
3848,17,17
3849,14,14
3850,20,20
3851,14,14
3852,23,23
3853,17,17
3854,27,27
3855,16,16
3856,33,33
3857,13,13
3858,19,19
3859,7,7
3860,9,9
3861,16,16
3862,32,32
3863,13,13
3864,20,20
3865,1,1
3866,24,24
3867,32,32
3868,4,4
3869,4,4
3870,25,25
3871,0,0
3872,30,30
3873,2,2
3874,25,25
3875,1,1
3876,26,26
3877,34,34
3878,10,10
3879,17,17
3880,25,25
3881,1,1
3882,34,34
3883,23,23
3884,4,4
3885,32,32
3886,14,14
3887,15,15
3888,21,21
3889,0,0
3890,24,24
3891,2,2
3892,0,0
3893,32,32
3894,3,3
3895,33,33
3896,5,5
3897,21,21
3898,34,34
3899,19,19
3900,25,25
3901,31,8
3902,1,1
3903,3,3
3904,29,29
3905,24,24
3906,1,1
3907,29,29
3908,22,22
3909,15,15
3910,17,17
3911,6,6
3912,34,34
3913,34,34
3914,14,14
3915,28,28
3916,26,26
3917,34,34
3918,14,14
3919,28,28
3920,18,18
3921,4,4
3922,34,34
3923,18,18
3924,2,2
3925,1,2
3926,18,18
3927,25,25
3928,34,34
3929,14,14
3930,4,4
3931,34,34
3932,12,12
3933,23,23
3934,5,5
3935,10,10
3936,22,22
3937,10,10
3938,22,22
3939,19,19
3940,6,6
3941,0,0
3942,19,19
3943,0,0
3944,15,15
3945,23,23
3946,31,31
3947,28,28
3948,28,28
3949,10,10
3950,6,6
3951,10,10
3952,11,11
3953,4,4
3954,30,30
3955,12,12
3956,4,4
3957,4,4
3958,8,8
3959,1,2
3960,17,17
3961,8,8
3962,1,1
3963,30,30
3964,30,30
3965,18,18
3966,26,26
3967,9,9
3968,26,26
3969,24,24
3970,0,0
3971,2,2
3972,5,5
3973,8,8
3974,32,32
3975,7,7
3976,32,32
3977,34,34
3978,31,31
3979,20,20
3980,6,6
3981,19,19
3982,13,13
3983,32,32
3984,16,16
3985,14,14
3986,31,31
3987,10,10
3988,5,5
3989,27,31
3990,0,0
3991,15,15
3992,7,7
3993,19,19
3994,2,2
3995,27,27
3996,29,29
3997,30,30
3998,4,4
3999,31,31
4000,11,11
4001,13,13
4002,33,33
4003,17,17
4004,8,8
4005,22,22
4006,8,8
4007,33,33
4008,28,28
4009,18,18
4010,6,6
4011,15,15
4012,31,31
4013,26,26
4014,21,21
4015,7,7
4016,21,21
4017,7,7
4018,11,11
4019,25,25
4020,29,29
4021,6,6
4022,10,10
4023,9,9
4024,19,19
4025,6,6
4026,24,24
4027,10,10
4028,34,34
4029,9,9
4030,28,28
4031,29,29
4032,15,15
4033,4,4
4034,14,14
4035,2,2
4036,6,6
4037,10,10
4038,27,27
4039,30,30
4040,10,10
4041,30,30
4042,23,23
4043,19,19
4044,5,5
4045,7,7
4046,11,11
4047,10,10
4048,25,25
4049,4,4
4050,33,33
4051,14,14
4052,14,14
4053,14,14
4054,33,33
4055,6,6
4056,12,12
4057,31,31
4058,8,8
4059,24,24
4060,27,27
4061,1,1
4062,26,26
4063,1,1
4064,4,4
4065,5,5
4066,14,14
4067,33,33
4068,14,14
4069,20,20
4070,9,9
4071,24,24
4072,23,29
4073,31,31
4074,31,31
4075,4,4
4076,20,20
4077,21,21
4078,2,2
4079,10,18
4080,16,16
4081,30,30
4082,9,9
4083,8,8
4084,17,17
4085,24,24
4086,30,30
4087,27,27
4088,2,2
4089,8,8
4090,7,7
4091,3,3
4092,10,10
4093,16,16
4094,21,21
4095,3,3
4096,28,28
4097,25,25
4098,7,7
4099,3,3
4100,23,23
4101,30,30
4102,32,32
4103,25,25
4104,32,32
4105,17,17
4106,9,9
4107,5,5
4108,22,22
4109,2,2
4110,8,8
4111,30,30
4112,32,32
4113,6,6
4114,14,14
4115,21,21
4116,24,24
4117,4,4
4118,25,25
4119,3,3
4120,34,34
4121,14,14
4122,6,6
4123,30,30
4124,28,28
4125,29,29
4126,29,29
4127,20,20
4128,27,27
4129,31,31
4130,0,0
4131,22,22
4132,15,15
4133,12,12
4134,2,2
4135,14,14
4136,27,27
4137,6,6
4138,32,32
4139,4,4
4140,28,28
4141,21,21
4142,30,30
4143,11,11
4144,10,10
4145,0,0
4146,30,30
4147,9,9
4148,28,28
4149,0,0
4150,5,5
4151,1,1
4152,7,7
4153,4,4
4154,29,29
4155,15,15
4156,2,1
4157,5,5
4158,21,21
4159,28,28
4160,28,28
4161,5,5
4162,1,1
4163,31,31
4164,27,27
4165,28,28
4166,1,1
4167,5,5
4168,0,0
4169,33,33
4170,33,33
4171,19,19
4172,0,0
4173,17,17
4174,30,30
4175,29,29
4176,3,3
4177,0,0
4178,13,13
4179,4,4
4180,16,16
4181,31,31
4182,17,17
4183,1,1
4184,23,23
4185,21,21
4186,16,16
4187,20,20
4188,28,28
4189,15,15
4190,18,18
4191,31,31
4192,13,13
4193,5,5
4194,8,8
4195,18,18
4196,34,34
4197,25,25
4198,8,8
4199,18,18
4200,26,26
4201,26,26
4202,0,0
4203,26,26
4204,26,26
4205,18,18
4206,7,7
4207,0,0
4208,20,20
4209,28,28
4210,1,1
4211,3,3
4212,31,31
4213,18,18
4214,4,4
4215,26,26
4216,31,31
4217,25,25
4218,27,27
4219,13,13
4220,23,23
4221,11,11
4222,14,14
4223,1,1
4224,11,11
4225,20,20
4226,22,22
4227,27,27
4228,30,30
4229,5,5
4230,14,14
4231,23,23
4232,5,5
4233,6,6
4234,9,9
4235,19,19
4236,29,17
4237,10,10
4238,23,23
4239,0,0
4240,23,23
4241,22,22
4242,31,31
4243,31,31
4244,15,15
4245,10,10
4246,18,18
4247,19,19
4248,26,26
4249,7,7
4250,6,6
4251,26,26
4252,3,3
4253,19,19
4254,0,0
4255,8,8
4256,33,33
4257,26,26
4258,31,31
4259,18,18
4260,33,33
4261,25,25
4262,22,22
4263,2,2
4264,22,22
4265,13,13
4266,26,26
4267,23,23
4268,16,16
4269,0,0
4270,32,32
4271,32,32
4272,32,32
4273,9,9
4274,31,31
4275,33,33
4276,0,0
4277,5,5
4278,34,34
4279,13,13
4280,23,23
4281,20,20
4282,5,5
4283,7,7
4284,0,0
4285,29,29
4286,19,19
4287,29,29
4288,25,25
4289,26,26
4290,17,17
4291,33,33
4292,7,7
4293,27,27
4294,7,7
4295,25,25
4296,25,25
4297,22,22
4298,25,25
4299,24,24
4300,7,7
4301,4,4
4302,25,25
4303,25,25
4304,12,12
4305,22,22
4306,20,20
4307,3,3
4308,27,27
4309,34,34
4310,29,29
4311,13,13
4312,12,13
4313,24,24
4314,28,28
4315,7,7
4316,2,2
4317,33,33
4318,24,24
4319,5,5
4320,21,21
4321,6,6
4322,15,15
4323,9,9
4324,5,5
4325,12,12
4326,24,24
4327,0,0
4328,10,10
4329,11,11
4330,6,6
4331,0,0
4332,31,31
4333,33,33
4334,11,11
4335,14,14
4336,19,19
4337,17,17
4338,26,26
4339,25,25
4340,10,10
4341,28,28
4342,17,17
4343,2,2
4344,13,10
4345,24,24
4346,8,8
4347,33,33
4348,5,5
4349,17,17
4350,14,14
4351,30,30
4352,10,10
4353,29,29
4354,7,7
4355,1,1
4356,6,6
4357,9,9
4358,29,29
4359,21,21
4360,0,0
4361,34,34
4362,15,15
4363,18,18
4364,17,17
4365,32,32
4366,31,31
4367,2,2
4368,30,30
4369,8,8
4370,14,14
4371,19,19
4372,1,1
4373,2,2
4374,34,34
4375,28,28
4376,17,17
4377,26,26
4378,27,27
4379,1,1
4380,15,15
4381,20,20
4382,2,2
4383,29,29
4384,16,16
4385,17,17
4386,25,25
4387,2,2
4388,15,15
4389,21,21
4390,6,6
4391,24,24
4392,6,6
4393,11,11
4394,24,24
4395,14,14
4396,4,4
4397,6,6
4398,23,23
4399,18,18
4400,27,27
4401,3,3
4402,33,33
4403,4,4
4404,10,10
4405,10,10
4406,2,2
4407,10,10
4408,28,28
4409,22,22
4410,33,33
4411,15,15
4412,32,32
4413,14,14
4414,28,28
4415,24,24
4416,13,13
4417,33,33
4418,18,18
4419,30,30
4420,2,2
4421,34,34
4422,23,23
4423,10,5
4424,10,10
4425,27,27
4426,8,8
4427,1,1
4428,33,33
4429,19,19
4430,16,16
4431,25,25
4432,8,8
4433,8,8
4434,1,1
4435,1,1
4436,27,27
4437,11,29
4438,29,29
4439,24,24
4440,12,13
4441,25,25
4442,23,23
4443,10,10
4444,2,2
4445,1,1
4446,19,19
4447,10,10
4448,1,1
4449,10,10
4450,5,5
4451,11,11
4452,31,31
4453,5,5
4454,21,21
4455,11,11
4456,29,29
4457,19,19
4458,30,30
4459,33,33
4460,6,6
4461,15,15
4462,6,6
4463,17,17
4464,6,6
4465,0,0
4466,34,34
4467,17,17
4468,5,5
4469,2,2
4470,32,32
4471,18,18
4472,21,21
4473,12,12
4474,34,34
4475,13,13
4476,27,27
4477,22,22
4478,2,2
4479,25,25
4480,19,19
4481,24,24
4482,22,22
4483,12,12
4484,22,22
4485,7,7
4486,25,25
4487,12,12
4488,20,20
4489,27,27
4490,0,0
4491,16,16
4492,29,29
4493,0,0
4494,14,14
4495,31,31
4496,6,6
4497,31,31
4498,31,31
4499,25,25
4500,8,8
4501,26,26
4502,28,28
4503,30,30
4504,0,0
4505,12,12
4506,23,23
4507,28,28
4508,5,5
4509,15,15
4510,11,11
4511,30,30
4512,14,14
4513,1,1
4514,31,31
4515,25,25
4516,24,24
4517,32,32
4518,19,19
4519,18,18
4520,7,7
4521,1,1
4522,21,21
4523,6,6
4524,21,21
4525,31,31
4526,16,16
4527,24,24
4528,18,18
4529,4,4
4530,19,19
4531,22,22
4532,33,33
4533,10,10
4534,7,7
4535,30,30
4536,30,30
4537,9,9
4538,15,15
4539,1,1
4540,6,6
4541,1,1
4542,29,29
4543,32,32
4544,26,26
4545,18,18
4546,16,16
4547,18,18
4548,21,21
4549,23,23
4550,23,23
4551,3,3
4552,11,11
4553,18,18
4554,14,14
4555,27,27
4556,16,16
4557,25,25
4558,33,33
4559,26,26
4560,10,10
4561,30,30
4562,5,5
4563,29,29
4564,24,24
4565,24,24
4566,28,28
4567,2,2
4568,8,8
4569,11,11
4570,6,6
4571,7,7
4572,18,18
4573,34,34
4574,15,15
4575,9,9
4576,11,11
4577,21,21
4578,23,23
4579,4,4
4580,25,25
4581,27,27
4582,9,9
4583,31,31
4584,25,25
4585,15,15
4586,15,15
4587,28,28
4588,9,9
4589,30,30
4590,3,3
4591,21,21
4592,13,13
4593,31,31
4594,17,17
4595,31,31
4596,34,34
4597,13,13
4598,3,3
4599,4,4
4600,7,7
4601,7,7
4602,27,27
4603,23,23
4604,13,13
4605,21,21
4606,25,25
4607,24,24
4608,11,11
4609,9,9
4610,13,13
4611,18,18
4612,29,29
4613,5,5
4614,18,18
4615,21,21
4616,11,11
4617,8,8
4618,33,33
4619,5,5
4620,6,6
4621,28,28
4622,21,21
4623,6,6
4624,27,27
4625,0,0
4626,3,3
4627,2,2
4628,15,15
4629,19,19
4630,17,17
4631,33,33
4632,32,32
4633,32,32
4634,34,34
4635,13,13
4636,25,25
4637,17,17
4638,27,27
4639,17,17
4640,14,14
4641,32,32
4642,11,11
4643,10,10
4644,4,4
4645,26,26
4646,33,33
4647,27,27
4648,9,9
4649,18,18
4650,22,22
4651,26,26
4652,28,28
4653,28,28
4654,25,25
4655,29,29
4656,19,19
4657,25,25
4658,21,21
4659,10,10
4660,25,25
4661,6,6
4662,18,18
4663,31,31
4664,25,25
4665,31,31
4666,13,13
4667,20,20
4668,23,23
4669,10,10
4670,8,8
4671,2,2
4672,12,12
4673,4,4
4674,10,10
4675,3,3
4676,27,27
4677,5,5
4678,20,20
4679,12,12
4680,30,30
4681,9,9
4682,1,1
4683,34,23
4684,17,17
4685,14,14
4686,13,13
4687,0,0
4688,17,17
4689,20,20
4690,14,14
4691,3,3
4692,17,17
4693,15,15
4694,2,1
4695,28,28
4696,34,34
4697,0,0
4698,29,29
4699,20,20
4700,2,2
4701,11,11
4702,13,13
4703,0,0
4704,30,30
4705,32,32
4706,33,33
4707,17,17
4708,17,17
4709,26,26
4710,2,2
4711,2,2
4712,19,19
4713,33,33
4714,10,10
4715,6,6
4716,3,3
4717,16,16
4718,10,10
4719,12,12
4720,16,16
4721,21,21
4722,12,12
4723,29,29
4724,32,32
4725,29,29
4726,25,25
4727,11,11
4728,15,15
4729,13,13
4730,22,22
4731,31,31
4732,18,18
4733,24,24
4734,13,13
4735,14,14
4736,22,22
4737,3,3
4738,0,0
4739,20,20
4740,22,22
4741,9,9
4742,9,9
4743,4,4
4744,32,32
4745,26,26
4746,30,30
4747,23,23
4748,14,14
4749,27,27
4750,6,6
4751,29,29
4752,32,32
4753,31,31
4754,29,29
4755,3,3
4756,31,31
4757,15,15
4758,16,16
4759,3,3
4760,23,23
4761,1,1
4762,19,19
4763,25,25
4764,4,4
4765,9,9
4766,29,29
4767,21,21
4768,19,19
4769,34,34
4770,32,32
4771,22,22
4772,33,33
4773,11,33
4774,1,2
4775,14,14
4776,26,26
4777,9,9
4778,2,2
4779,13,13
4780,13,13
4781,3,3
4782,32,32
4783,19,19
4784,20,20
4785,20,20
4786,1,1
4787,0,0
4788,16,16
4789,27,27
4790,13,13
4791,6,6
4792,13,13
4793,30,30
4794,10,10
4795,5,5
4796,9,9
4797,21,21
4798,8,8
4799,34,34
4800,19,19
4801,20,20
4802,3,3
4803,28,28
4804,25,25
4805,8,8
4806,10,10
4807,8,8
4808,20,20
4809,0,0
4810,19,19
4811,3,3
4812,31,31
4813,4,4
4814,14,14
4815,33,33
4816,1,1
4817,23,23
4818,11,11
4819,7,7
4820,0,0
4821,24,24
4822,34,34
4823,18,18
4824,33,33
4825,29,29
4826,10,10
4827,28,28
4828,31,31
4829,8,8
4830,22,22
4831,7,7
4832,3,3
4833,21,21
4834,23,23
4835,2,2
4836,16,16
4837,13,13
4838,3,3
4839,23,23
4840,10,10
4841,18,18
4842,26,26
4843,4,4
4844,9,9
4845,29,29
4846,21,21
4847,24,24
4848,20,20
4849,17,17
4850,32,32
4851,21,21
4852,30,30
4853,0,0
4854,26,26
4855,15,15
4856,1,1
4857,16,16
4858,25,25
4859,1,1
4860,26,26
4861,31,31
4862,7,7
4863,13,10
4864,11,11
4865,28,28
4866,4,4
4867,12,12
4868,33,33
4869,17,17
4870,2,2
4871,19,19
4872,5,22
4873,3,3
4874,5,5
4875,12,12
4876,10,10
4877,17,17
4878,16,16
4879,19,19
4880,19,19
4881,10,10
4882,30,30
4883,11,11
4884,20,20
4885,20,20
4886,8,8
4887,22,22
4888,19,19
4889,26,26
4890,33,33
4891,4,4
4892,5,5
4893,23,23
4894,31,31
4895,26,26
4896,27,27
4897,8,8
4898,30,30
4899,6,6
4900,15,15
4901,4,4
4902,0,0
4903,2,2
4904,14,14
4905,18,18
4906,5,5
4907,1,1
4908,17,17
4909,0,0
4910,28,28
4911,6,6
4912,32,32
4913,11,11
4914,18,18
4915,20,20
4916,23,23
4917,4,4
4918,17,17
4919,19,19
4920,22,22
4921,32,32
4922,4,4
4923,27,27
4924,29,29
4925,15,15
4926,31,31
4927,17,17
4928,8,8
4929,25,25
4930,9,9
4931,9,9
4932,23,23
4933,33,33
4934,25,25
4935,0,0
4936,28,28
4937,10,10
4938,13,13
4939,29,29
4940,12,12
4941,8,8
4942,20,20
4943,17,17
4944,4,4
4945,29,29
4946,26,26
4947,22,22
4948,32,32
4949,23,23
4950,6,6
4951,10,10
4952,16,16
4953,15,15
4954,0,0
4955,5,5
4956,5,5
4957,29,29
4958,10,10
4959,20,20
4960,13,13
4961,1,1
4962,12,12
4963,13,13
4964,14,14
4965,32,32
4966,11,11
4967,33,33
4968,9,9
4969,9,9
4970,7,7
4971,21,21
4972,23,23
4973,3,3
4974,33,33
4975,15,15
4976,9,9
4977,28,28
4978,16,16
4979,21,21
4980,13,13
4981,27,27
4982,15,15
4983,19,19
4984,12,12
4985,24,24
4986,13,13
4987,4,4
4988,8,8
4989,32,32
4990,32,32
4991,19,19
4992,14,14
4993,8,8
4994,8,8
4995,19,19
4996,24,24
4997,1,1
4998,27,27
4999,2,2
5000,1,1
5001,32,32
5002,8,8
5003,23,23
5004,25,25
5005,26,26
5006,15,15
5007,1,1
5008,29,29
5009,7,7
5010,15,15
5011,1,1
5012,34,34
5013,13,13
5014,27,27
5015,28,28
5016,26,26
5017,24,24
5018,1,1
5019,9,9
5020,23,34
5021,16,16
5022,14,14
5023,21,21
5024,21,21
5025,21,21
5026,33,33
5027,6,6
5028,24,24
5029,7,7
5030,16,16
5031,0,0
5032,14,14
5033,14,14
5034,26,26
5035,29,29
5036,12,12
5037,24,24
5038,34,34
5039,28,28
5040,23,23
5041,12,12
5042,21,21
5043,8,8
5044,2,2
5045,23,23
5046,7,7
5047,31,31
5048,10,10
5049,5,5
5050,7,7
5051,10,10
5052,22,22
5053,16,16
5054,21,21
5055,10,13
5056,1,1
5057,9,9
5058,6,6
5059,31,31
5060,9,9
5061,13,13
5062,7,7
5063,16,16
5064,2,2
5065,11,11
5066,4,4
5067,28,28
5068,28,28
5069,34,34
5070,31,31
5071,20,20
5072,33,33
5073,11,11
5074,10,10
5075,30,30
5076,23,23
5077,20,20
5078,27,27
5079,22,22
5080,23,23
5081,9,9
5082,10,10
5083,33,33
5084,16,16
5085,4,4
5086,5,5
5087,6,6
5088,3,3
5089,2,2
5090,33,33
5091,14,14
5092,24,24
5093,21,21
5094,18,18
5095,3,3
5096,8,8
5097,4,4
5098,18,18
5099,2,2
5100,4,4
5101,6,6
5102,6,6
5103,29,29
5104,33,33
5105,31,31
5106,1,1
5107,8,8
5108,30,30
5109,13,13
5110,29,29
5111,31,31
5112,7,7
5113,30,30
5114,27,27
5115,1,1
5116,10,10
5117,24,24
5118,10,10
5119,1,1
5120,5,5
5121,28,28
5122,17,17
5123,13,13
5124,3,3
5125,7,7
5126,5,5
5127,12,12
5128,21,21
5129,18,18
5130,14,14
5131,14,14
5132,1,1
5133,0,0
5134,8,8
5135,6,6
5136,25,25
5137,6,6
5138,10,10
5139,12,12
5140,13,13
5141,13,13
5142,12,12
5143,13,13
5144,7,7
5145,19,19
5146,4,4
5147,23,23
5148,26,26
5149,30,30
5150,1,1
5151,11,11
5152,6,6
5153,17,17
5154,12,12
5155,25,25
5156,8,8
5157,13,13
5158,5,5
5159,26,27
5160,4,4
5161,21,21
5162,30,30
5163,13,13
5164,4,4
5165,30,30
5166,9,9
5167,29,29
5168,34,34
5169,25,25
5170,8,8
5171,29,29
5172,17,17
5173,23,23
5174,8,8
5175,1,1
5176,19,19
5177,8,8
5178,24,24
5179,22,22
5180,27,27
5181,19,19
5182,3,3
5183,22,22
5184,34,34
5185,16,16
5186,26,26
5187,4,4
5188,34,34
5189,10,10
5190,3,3
5191,15,15
5192,34,34
5193,0,0
5194,24,24
5195,7,7
5196,4,4
5197,30,30
5198,29,29
5199,3,3
5200,22,22
5201,24,24
5202,5,5
5203,16,16
5204,15,15
5205,5,5
5206,14,14
5207,23,23
5208,14,14
5209,23,23
5210,12,12
5211,12,12
5212,24,24
5213,27,27
5214,27,27
5215,31,31
5216,23,23
5217,19,19
5218,5,5
5219,10,10
5220,2,2
5221,1,1
5222,32,32
5223,34,34
5224,10,10
5225,10,10
5226,25,25
5227,6,6
5228,26,26
5229,8,8
5230,5,5
5231,4,4
5232,28,28
5233,25,25
5234,14,14
5235,8,8
5236,14,14
5237,16,16
5238,18,18
5239,8,8
5240,23,23
5241,15,15
5242,27,27
5243,22,22
5244,3,3
5245,9,9
5246,15,15
5247,19,19
5248,20,20
5249,12,12
5250,13,13
5251,14,14
5252,5,5
5253,5,5
5254,9,9
5255,22,22
5256,25,25
5257,8,8
5258,7,7
5259,32,32
5260,32,32
5261,2,2
5262,20,20
5263,17,17
5264,30,30
5265,27,27
5266,34,34
5267,33,33
5268,4,4
5269,21,21
5270,34,34
5271,30,30
5272,33,33
5273,24,24
5274,34,34
5275,22,22
5276,14,14
5277,2,2
5278,33,33
5279,24,24
5280,7,7
5281,33,33
5282,18,18
5283,29,29
5284,7,7
5285,5,5
5286,24,24
5287,12,12
5288,23,23
5289,0,0
5290,0,0
5291,13,13
5292,19,19
5293,30,30
5294,6,6
5295,25,25
5296,4,4
5297,33,33
5298,30,30
5299,19,19
5300,25,25
5301,26,26
5302,32,32
5303,12,12
5304,23,23
5305,10,10
5306,15,15
5307,30,30
5308,33,33
5309,7,7
5310,31,31
5311,34,34
5312,21,21
5313,10,10
5314,23,23
5315,23,23
5316,0,0
5317,9,9
5318,7,7
5319,22,22
5320,4,4
5321,30,30
5322,15,15
5323,16,16
5324,17,17
5325,2,2
5326,24,24
5327,1,1
5328,15,15
5329,29,29
5330,20,20
5331,17,17
5332,9,9
5333,5,5
5334,29,29
5335,31,31
5336,12,12
5337,24,24
5338,12,12
5339,13,13
5340,18,18
5341,3,3
5342,34,34
5343,33,33
5344,16,16
5345,20,20
5346,22,22
5347,21,21
5348,30,30
5349,34,34
5350,26,26
5351,1,1
5352,28,28
5353,3,3
5354,32,32
5355,9,9
5356,34,34
5357,12,12
5358,28,28
5359,28,28
5360,20,20
5361,7,7
5362,31,31
5363,28,28
5364,15,15
5365,19,19
5366,17,17
5367,11,11
5368,31,31
5369,18,18
5370,8,8
5371,15,15
5372,15,15
5373,30,30
5374,5,5
5375,24,24
5376,32,32
5377,31,31
5378,11,11
5379,19,19
5380,5,5
5381,16,16
5382,6,6
5383,3,3
5384,15,15
5385,7,7
5386,29,29
5387,1,1
5388,19,19
5389,11,11
5390,5,5
5391,18,18
5392,2,2
5393,25,25
5394,21,21
5395,29,29
5396,33,33
5397,18,18
5398,17,17
5399,4,4
5400,27,27
5401,34,34
5402,27,27
5403,15,15
5404,18,18
5405,27,27
5406,18,18
5407,25,25
5408,30,30
5409,28,28
5410,27,27
5411,29,29
5412,22,22
5413,10,10
5414,24,24
5415,21,21
5416,10,10
5417,33,33
5418,17,17
5419,26,26
5420,22,22
5421,27,27
5422,29,29
5423,22,22
5424,17,17
5425,26,26
5426,32,32
5427,25,25
5428,1,1
5429,3,3
5430,19,19
5431,4,4
5432,15,15
5433,11,11
5434,34,34
5435,16,16
5436,17,17
5437,8,8
5438,33,33
5439,10,10
5440,9,9
5441,4,4
5442,16,16
5443,19,19
5444,27,27
5445,1,1
5446,0,0
5447,16,16
5448,4,4
5449,32,32
5450,5,5
5451,22,22
5452,10,10
5453,14,14
5454,12,12
5455,28,28
5456,15,15
5457,20,20
5458,25,25
5459,9,9
5460,7,7
5461,16,16
5462,9,9
5463,5,5
5464,9,9
5465,30,30
5466,23,23
5467,12,12
5468,33,33
5469,19,19
5470,3,3
5471,0,0
5472,5,5
5473,30,30
5474,24,24
5475,31,31
5476,24,24
5477,18,18
5478,27,27
5479,3,3
5480,6,6
5481,4,4
5482,0,0
5483,8,8
5484,8,8
5485,26,26
5486,17,17
5487,1,1
5488,14,14
5489,31,31
5490,2,2
5491,6,6
5492,26,26
5493,12,12
5494,30,30
5495,6,6
5496,8,8
5497,6,23
5498,7,7
5499,18,18
5500,20,20
5501,24,24
5502,30,30
5503,22,22
5504,13,13
5505,13,13
5506,14,14
5507,0,0
5508,28,28
5509,3,3
5510,27,27
5511,3,3
5512,25,25
5513,21,21
5514,22,22
5515,4,4
5516,22,22
5517,30,30
5518,6,6
5519,32,32
5520,1,1
5521,7,7
5522,24,24
5523,0,0
5524,30,30
5525,15,15
5526,32,32
5527,17,17
5528,0,0
5529,7,7
5530,16,16
5531,20,20
5532,34,34
5533,20,20
5534,7,7
5535,23,23
5536,21,21
5537,6,6
5538,34,34
5539,5,5
5540,33,33
5541,4,4
5542,24,24
5543,0,0
5544,27,27
5545,24,24
5546,4,4
5547,27,27
5548,1,1
5549,22,22
5550,23,23
5551,1,1
5552,13,13
5553,29,11
5554,24,24
5555,13,13
5556,2,2
5557,2,1
5558,22,22
5559,8,8
5560,7,7
5561,17,17
5562,32,32
5563,0,0
5564,18,18
5565,2,2
5566,3,3
5567,26,26
5568,13,13
5569,25,25
5570,18,18
5571,2,2
5572,13,13
5573,12,12
5574,0,0
5575,27,27
5576,28,28
5577,0,0
5578,22,22
5579,4,4
5580,31,31
5581,30,30
5582,33,33
5583,9,9
5584,18,18
5585,30,30
5586,33,33
5587,1,1
5588,30,30
5589,17,17
5590,33,33
5591,25,25
5592,20,20
5593,13,13
5594,33,33
5595,28,28
5596,17,17
5597,34,34
5598,17,17
5599,16,16
5600,0,0
5601,31,31
5602,21,21
5603,1,1
5604,18,18
5605,12,12
5606,33,33
5607,14,14
5608,21,21
5609,24,24
5610,32,32
5611,0,0
5612,24,24
5613,11,11
5614,29,29
5615,29,29
5616,11,11
5617,18,18
5618,19,19
5619,12,12
5620,10,10
5621,12,12
5622,3,3
5623,20,20
5624,26,26
5625,28,28
5626,3,3
5627,6,6
5628,8,8
5629,12,12
5630,25,25
5631,18,18
5632,12,7
5633,3,3
5634,34,34
5635,6,6
5636,22,22
5637,25,25
5638,15,15
5639,11,11
5640,8,8
5641,9,9
5642,26,26
5643,0,0
5644,3,3
5645,24,24
5646,29,29
5647,23,23
5648,5,5
5649,17,17
5650,13,13
5651,4,4
5652,23,23
5653,18,18
5654,8,8
5655,8,8
5656,5,5
5657,21,21
5658,6,6
5659,21,21
5660,13,13
5661,29,29
5662,31,31
5663,18,18
5664,6,6
5665,6,6
5666,20,20
5667,2,2
5668,6,6
5669,19,19
5670,11,11
5671,12,12
5672,31,31
5673,4,4
5674,4,4
5675,11,28
5676,26,26
5677,34,34
5678,9,9
5679,29,29
5680,4,4
5681,20,20
5682,19,19
5683,13,13
5684,27,27
5685,18,18
5686,22,22
5687,5,5
5688,30,30
5689,7,7
5690,6,6
5691,23,23
5692,2,1
5693,9,9
5694,22,22
5695,26,26
5696,10,10
5697,23,23
5698,14,14
5699,12,12
5700,2,2
5701,30,30
5702,14,14
5703,14,14
5704,5,5
5705,21,21
5706,3,3
5707,32,32
5708,24,24
5709,14,14
5710,19,19
5711,32,32
5712,29,29
5713,26,26
5714,8,8
5715,2,2
5716,34,34
5717,1,1
5718,31,31
5719,8,8
5720,1,1
5721,11,11
5722,21,21
5723,24,24
5724,2,2
5725,18,18
5726,26,26
5727,24,24
5728,5,5
5729,20,20
5730,8,8
5731,1,1
5732,8,8
5733,18,18
5734,29,29
5735,33,33
5736,19,19
5737,0,0
5738,30,30
5739,24,24
5740,13,13
5741,15,15
5742,20,20
5743,17,17
5744,20,20
5745,27,27
5746,21,21
5747,20,20
5748,9,25
5749,27,27
5750,12,12
5751,26,26
5752,27,27
5753,8,8
5754,23,23
5755,11,11
5756,16,16
5757,3,3
5758,10,10
5759,6,6
5760,13,13
5761,18,18
5762,31,31
5763,13,13
5764,8,8
5765,26,26
5766,34,34
5767,9,9
5768,9,9
5769,18,18
5770,15,15
5771,23,23
5772,15,15
5773,19,19
5774,21,21
5775,23,23
5776,31,31
5777,29,29
5778,23,23
5779,20,20
5780,30,30
5781,23,23
5782,15,15
5783,3,3
5784,20,20
5785,24,24
5786,8,8
5787,33,33
5788,25,25
5789,16,16
5790,4,4
5791,9,9
5792,7,7
5793,23,23
5794,11,11
5795,11,11
5796,3,3
5797,21,21
5798,33,33
5799,20,20
5800,11,11
5801,23,23
5802,16,16
5803,19,19
5804,32,32
5805,14,14
5806,34,34
5807,27,27
5808,15,15
5809,22,22
5810,31,31
5811,11,11
5812,1,1
5813,32,32
5814,16,16
5815,19,19
5816,31,31
5817,32,32
5818,10,10
5819,25,25
5820,16,16
5821,34,34
5822,26,26
5823,21,21
5824,33,33
5825,27,27
5826,22,22
5827,34,34
5828,8,8
5829,0,0
5830,4,4
5831,6,6
5832,12,12
5833,23,23
5834,12,12
5835,10,10
5836,8,8
5837,9,9
5838,20,20
5839,21,21
5840,14,14
5841,14,14
5842,25,25
5843,14,14
5844,5,5
5845,25,25
5846,11,11
5847,1,1
5848,17,17
5849,22,22
5850,23,23
5851,6,6
5852,23,23
5853,16,16
5854,22,22
5855,29,29
5856,32,32
5857,23,23
5858,34,34
5859,33,33
5860,34,34
5861,34,34
5862,18,18
5863,17,17
5864,13,13
5865,6,6
5866,18,18
5867,20,20
5868,25,25
5869,3,3
5870,23,23
5871,33,33
5872,31,31
5873,3,3
5874,29,29
5875,1,1
5876,34,34
5877,0,0
5878,3,3
5879,19,19
5880,28,28
5881,29,29
5882,29,29
5883,12,12
5884,2,2
5885,7,7
5886,9,9
5887,6,6
5888,8,8
5889,16,16
5890,24,24
5891,5,5
5892,21,21
5893,26,26
5894,1,1
5895,9,9
5896,7,7
5897,13,13
5898,18,18
5899,5,5
5900,30,30
5901,26,26
5902,19,19
5903,34,34
5904,33,33
5905,27,27
5906,0,0
5907,6,6
5908,14,14
5909,32,32
5910,11,11
5911,15,15
5912,4,4
5913,4,4
5914,32,32
5915,14,14
5916,16,16
5917,6,6
5918,30,30
5919,31,31
5920,23,23
5921,13,13
5922,15,15
5923,4,4
5924,6,6
5925,18,18
5926,14,14
5927,19,19
5928,14,14
5929,11,11
5930,4,4
5931,27,27
5932,5,5
5933,10,10
5934,20,20
5935,4,4
5936,17,17
5937,9,9
5938,21,21
5939,0,0
5940,5,5
5941,8,8
5942,27,27
5943,16,16
5944,9,9
5945,29,29
5946,27,27
5947,19,19
5948,9,9
5949,3,3
5950,12,12
5951,32,32
5952,10,10
5953,1,1
5954,32,32
5955,10,10
5956,11,11
5957,13,13
5958,18,18
5959,3,3
5960,12,12
5961,0,0
5962,31,31
5963,31,31
5964,1,1
5965,20,20
5966,2,2
5967,26,26
5968,18,18
5969,7,7
5970,19,19
5971,24,24
5972,31,31
5973,1,1
5974,2,2
5975,26,26
5976,6,6
5977,20,20
5978,17,17
5979,12,12
5980,33,33
5981,22,22
5982,27,27
5983,13,13
5984,21,21
5985,2,2
5986,21,21
5987,28,28
5988,18,18
5989,0,0
5990,17,17
5991,10,10
5992,13,13
5993,25,25
5994,11,11
5995,26,26
5996,5,5
5997,16,16
5998,18,18
5999,29,29
6000,4,4
6001,26,26
6002,5,5
6003,16,16
6004,7,7
6005,20,20
6006,1,1
6007,21,21
6008,24,24
6009,9,9
6010,26,26
6011,2,2
6012,4,4
6013,24,24
6014,31,31
6015,6,6
6016,0,0
6017,9,9
6018,34,34
6019,11,11
6020,27,31
6021,5,5
6022,32,32
6023,33,33
6024,30,30
6025,32,32
6026,12,12
6027,21,21
6028,21,21
6029,5,5
6030,8,8
6031,21,21
6032,30,30
6033,15,15
6034,25,25
6035,10,10
6036,1,1
6037,22,22
6038,9,9
6039,25,25
6040,34,34
6041,13,13
6042,2,2
6043,30,30
6044,11,13
6045,26,26
6046,19,19
6047,10,10
6048,10,10
6049,10,10
6050,27,27
6051,18,18
6052,8,8
6053,22,22
6054,18,18
6055,32,32
6056,34,34
6057,31,31
6058,25,25
6059,19,19
6060,16,16
6061,20,20
6062,0,0
6063,15,15
6064,7,7
6065,5,5
6066,27,27
6067,2,2
6068,29,29
6069,19,19
6070,12,12
6071,25,25
6072,4,4
6073,30,30
6074,20,20
6075,12,12
6076,16,16
6077,3,3
6078,15,15
6079,24,24
6080,21,21
6081,18,18
6082,8,8
6083,9,9
6084,6,6
6085,3,3
6086,17,17
6087,5,5
6088,28,28
6089,5,5
6090,20,20
6091,3,3
6092,22,22
6093,19,19
6094,2,1
6095,14,14
6096,20,20
6097,20,20
6098,30,30
6099,12,12
6100,30,30
6101,13,13
6102,7,7
6103,22,22
6104,7,7
6105,1,1
6106,14,14
6107,25,25
6108,22,22
6109,18,18
6110,16,16
6111,28,28
6112,17,17
6113,1,1
6114,27,27
6115,15,15
6116,24,24
6117,28,28
6118,10,10
6119,7,7
6120,7,7
6121,34,34
6122,24,24
6123,22,22
6124,29,29
6125,18,18
6126,34,34
6127,10,10
6128,31,31
6129,20,20
6130,21,21
6131,33,33
6132,1,1
6133,21,21
6134,12,12
6135,25,25
6136,13,13
6137,3,3
6138,26,26
6139,19,19
6140,32,32
6141,2,2
6142,3,3
6143,34,34
6144,30,30
6145,31,31
6146,20,20
6147,7,7
6148,26,26
6149,27,27
6150,32,32
6151,11,11
6152,2,2
6153,10,10
6154,33,33
6155,17,17
6156,4,4
6157,14,14
6158,13,13
6159,11,11
6160,8,8
6161,7,7
6162,5,5
6163,12,12
6164,11,11
6165,30,30
6166,28,28
6167,34,34
6168,2,2
6169,5,5
6170,30,30
6171,14,14
6172,14,14
6173,28,28
6174,11,11
6175,0,0
6176,28,28
6177,20,20
6178,26,26
6179,30,30
6180,26,26
6181,24,24
6182,9,9
6183,22,22
6184,28,28
6185,10,10
6186,21,21
6187,34,34
6188,29,29
6189,33,33
6190,30,30
6191,28,28
6192,2,2
6193,19,19
6194,34,34
6195,8,8
6196,26,26
6197,14,14
6198,32,32
6199,19,19
6200,33,33
6201,0,0
6202,15,15
6203,21,21
6204,9,9
6205,9,9
6206,15,15
6207,3,3
6208,28,28
6209,32,32
6210,6,6
6211,33,33
6212,5,5
6213,3,3
6214,10,10
6215,3,3
6216,4,4
6217,11,11
6218,14,14
6219,2,2
6220,33,33
6221,3,3
6222,16,16
6223,15,15
6224,3,3
6225,33,33
6226,19,19
6227,0,0
6228,19,19
6229,10,10
6230,14,14
6231,9,9
6232,23,23
6233,26,26
6234,12,12
6235,8,8
6236,13,13
6237,30,30
6238,21,21
6239,15,15
6240,15,15
6241,0,0
6242,13,13
6243,4,4
6244,4,4
6245,20,20
6246,1,1
6247,10,10
6248,11,11
6249,34,34
6250,30,30
6251,30,30
6252,10,10
6253,11,11
6254,20,20
6255,21,21
6256,18,18
6257,34,34
6258,9,9
6259,15,15
6260,9,9
6261,3,3
6262,13,13
6263,24,24
6264,10,10
6265,7,28
6266,26,26
6267,2,2
6268,14,14
6269,31,31
6270,32,32
6271,24,24
6272,28,28
6273,30,30
6274,21,21
6275,21,21
6276,15,15
6277,22,22
6278,5,5
6279,24,24
6280,27,27
6281,3,4
6282,8,8
6283,19,19
6284,22,22
6285,1,1
6286,2,2
6287,16,16
6288,18,18
6289,17,17
6290,8,8
6291,5,5
6292,13,13
6293,24,24
6294,27,27
6295,24,24
6296,12,12
6297,6,6
6298,15,15
6299,2,2
6300,11,11
6301,8,8
6302,32,32
6303,30,30
6304,30,30
6305,7,7
6306,15,15
6307,8,8
6308,22,22
6309,8,11
6310,22,22
6311,6,6
6312,4,4
6313,30,30
6314,6,6
6315,6,6
6316,33,33
6317,27,27
6318,25,25
6319,9,9
6320,16,16
6321,4,4
6322,30,30
6323,34,34
6324,13,13
6325,34,34
6326,6,15
6327,11,11
6328,25,25
6329,18,18
6330,16,16
6331,12,12
6332,10,10
6333,13,13
6334,17,17
6335,4,4
6336,16,16
6337,8,8
6338,2,2
6339,2,2
6340,26,26
6341,12,12
6342,4,4
6343,29,29
6344,20,5
6345,32,32
6346,20,20
6347,11,11
6348,16,16
6349,1,1
6350,11,11
6351,22,22
6352,23,23
6353,22,22
6354,32,32
6355,3,3
6356,6,6
6357,13,13
6358,1,1
6359,32,32
6360,31,31
6361,13,13
6362,7,7
6363,32,32
6364,22,22
6365,17,17
6366,4,4
6367,20,20
6368,6,6
6369,2,2
6370,1,1
6371,9,9
6372,32,32
6373,8,8
6374,12,12
6375,28,28
6376,9,9
6377,10,10
6378,12,12
6379,31,31
6380,23,23
6381,10,10
6382,32,32
6383,12,12
6384,12,12
6385,15,15
6386,14,14
6387,16,16
6388,3,3
6389,8,8
6390,26,26
6391,4,4
6392,6,6
6393,16,16
6394,3,3
6395,23,23
6396,11,11
6397,24,24
6398,2,2
6399,8,8
6400,34,34
6401,27,27
6402,24,24
6403,7,7
6404,9,9
6405,5,5
6406,34,34
6407,1,1
6408,10,10
6409,31,31
6410,33,33
6411,24,24
6412,16,16
6413,7,7
6414,2,2
6415,24,24
6416,11,11
6417,0,0
6418,12,12
6419,27,27
6420,4,4
6421,18,18
6422,30,30
6423,30,30
6424,19,19
6425,10,10
6426,10,10
6427,32,32
6428,21,21
6429,7,7
6430,28,28
6431,3,3
6432,33,33
6433,20,20
6434,6,6
6435,34,34
6436,7,7
6437,13,13
6438,7,7
6439,5,5
6440,0,0
6441,8,8
6442,0,0
6443,29,29
6444,24,24
6445,20,20
6446,27,27
6447,30,30
6448,22,22
6449,7,7
6450,7,7
6451,26,26
6452,2,2
6453,28,28
6454,15,32
6455,26,26
6456,13,13
6457,13,13
6458,26,26
6459,27,27
6460,9,9
6461,21,21
6462,23,23
6463,33,33
6464,20,20
6465,16,16
6466,13,13
6467,25,25
6468,4,4
6469,6,6
6470,29,29
6471,6,6
6472,9,9
6473,25,25
6474,0,0
6475,15,15
6476,22,22
6477,7,7
6478,21,21
6479,21,21
6480,9,9
6481,29,29
6482,4,4
6483,21,21
6484,19,19
6485,1,1
6486,12,12
6487,17,17
6488,11,11
6489,27,27
6490,27,27
6491,8,8
6492,5,5
6493,29,29
6494,0,0
6495,12,12
6496,14,14
6497,12,12
6498,11,11
6499,34,34
6500,3,3
6501,27,27
6502,5,5
6503,10,10
6504,13,13
6505,32,32
6506,25,25
6507,22,22
6508,32,32
6509,24,24
6510,12,12
6511,30,30
6512,34,34
6513,5,5
6514,23,23
6515,26,26
6516,14,14
6517,0,0
6518,22,22
6519,18,18
6520,3,3
6521,20,20
6522,0,0
6523,4,4
6524,29,29
6525,21,21
6526,14,14
6527,21,21
6528,0,0
6529,32,32
6530,22,22
6531,33,33
6532,8,8
6533,1,1
6534,17,17
6535,22,22
6536,5,5
6537,28,28
6538,11,11
6539,3,3
6540,1,1
6541,17,17
6542,23,23
6543,0,0
6544,4,4
6545,10,10
6546,11,11
6547,12,12
6548,12,12
6549,5,5
6550,26,26
6551,5,5
6552,0,0
6553,23,23
6554,15,15
6555,0,0
6556,21,21
6557,22,22
6558,10,10
6559,5,5
6560,10,10
6561,3,3
6562,18,18
6563,30,30
6564,33,33
6565,25,25
6566,30,30
6567,30,30
6568,8,8
6569,17,17
6570,16,16
6571,19,19
6572,4,4
6573,30,30
6574,0,0
6575,3,3
6576,0,0
6577,31,31
6578,1,1
6579,13,13
6580,3,3
6581,4,4
6582,11,11
6583,4,4
6584,19,19
6585,25,25
6586,23,23
6587,17,17
6588,1,1
6589,26,26
6590,26,26
6591,34,34
6592,12,12
6593,10,10
6594,16,16
6595,6,6
6596,3,3
6597,0,0
6598,4,4
6599,2,1
6600,21,21
6601,13,13
6602,1,1
6603,9,9
6604,18,18
6605,10,10
6606,6,6
6607,9,9
6608,21,21
6609,25,25
6610,6,6
6611,24,24
6612,9,9
6613,33,33
6614,28,28
6615,6,6
6616,19,19
6617,16,16
6618,12,12
6619,14,14
6620,33,33
6621,4,4
6622,24,24
6623,27,27
6624,22,22
6625,30,30
6626,31,31
6627,3,3
6628,4,4
6629,13,13
6630,33,33
6631,2,2
6632,6,6
6633,11,11
6634,17,17
6635,30,30
6636,23,23
6637,17,17
6638,18,18
6639,3,3
6640,15,15
6641,33,33
6642,22,22
6643,9,9
6644,1,1
6645,25,25
6646,14,14
6647,17,17
6648,12,12
6649,9,9
6650,29,29
6651,34,34
6652,23,23
6653,17,17
6654,21,21
6655,7,7
6656,18,18
6657,27,27
6658,9,9
6659,28,28
6660,22,22
6661,20,20
6662,12,12
6663,21,21
6664,26,26
6665,15,15
6666,28,28
6667,3,3
6668,8,8
6669,7,7
6670,19,19
6671,31,31
6672,29,29
6673,7,7
6674,28,28
6675,24,24
6676,32,32
6677,30,30
6678,27,27
6679,3,3
6680,4,4
6681,21,21
6682,3,3
6683,0,0
6684,8,8
6685,30,30
6686,4,4
6687,15,15
6688,33,33
6689,30,30
6690,0,0
6691,23,23
6692,2,2
6693,11,11
6694,19,19
6695,12,12
6696,12,12
6697,33,33
6698,1,1
6699,27,27
6700,11,11
6701,10,10
6702,14,14
6703,27,27
6704,33,33
6705,14,14
6706,5,5
6707,0,0
6708,34,34
6709,28,28
6710,1,1
6711,12,12
6712,8,8
6713,9,9
6714,31,31
6715,23,23
6716,27,27
6717,10,10
6718,6,6
6719,10,10
6720,33,33
6721,12,12
6722,5,5
6723,28,28
6724,10,10
6725,0,0
6726,14,14
6727,16,16
6728,2,1
6729,15,15
6730,31,31
6731,18,18
6732,15,15
6733,30,30
6734,2,2
6735,13,13
6736,28,28
6737,18,18
6738,27,27
6739,26,26
6740,23,23
6741,1,1
6742,20,20
6743,23,23
6744,8,8
6745,8,8
6746,32,32
6747,22,22
6748,10,10
6749,32,32
6750,23,23
6751,13,13
6752,14,14
6753,21,21
6754,0,0
6755,32,32
6756,19,19
6757,20,20
6758,15,15
6759,19,19
6760,14,14
6761,17,17
6762,2,2
6763,1,1
6764,7,7
6765,32,32
6766,20,5
6767,6,6
6768,29,29
6769,9,9
6770,1,1
6771,32,32
6772,34,34
6773,26,26
6774,8,8
6775,3,3
6776,22,22
6777,32,32
6778,14,14
6779,18,18
6780,29,29
6781,20,20
6782,33,33
6783,11,11
6784,21,21
6785,9,9
6786,23,23
6787,23,23
6788,27,27
6789,29,29
6790,23,23
6791,17,17
6792,19,19
6793,11,11
6794,7,7
6795,26,26
6796,26,26
6797,19,19
6798,32,32
6799,13,8
6800,1,1
6801,4,4
6802,6,6
6803,6,6
6804,28,28
6805,6,6
6806,14,14
6807,15,15
6808,23,23
6809,25,25
6810,15,15
6811,16,16
6812,5,5
6813,16,16
6814,9,9
6815,26,26
6816,1,2
6817,7,7
6818,0,0
6819,5,5
6820,26,26
6821,15,15
6822,20,20
6823,20,5
6824,13,13
6825,0,0
6826,18,18
6827,10,10
6828,7,7
6829,7,7
6830,24,24
6831,24,24
6832,3,3
6833,1,1
6834,26,26
6835,20,20
6836,24,24
6837,17,17
6838,32,32
6839,11,11
6840,29,29
6841,25,25
6842,20,20
6843,23,23
6844,20,20
6845,25,25
6846,27,27
6847,27,27
6848,7,7
6849,22,22
6850,3,3
6851,13,13
6852,24,24
6853,32,32
6854,25,25
6855,15,15
6856,16,16
6857,13,13
6858,33,33
6859,15,15
6860,4,4
6861,34,34
6862,34,34
6863,16,16
6864,32,32
6865,19,19
6866,3,3
6867,22,22
6868,18,18
6869,31,31
6870,21,21
6871,26,26
6872,2,2
6873,2,2
6874,11,29
6875,18,18
6876,2,2
6877,0,0
6878,15,15
6879,29,29
6880,13,13
6881,13,13
6882,24,24
6883,16,16
6884,30,30
6885,19,19
6886,20,20
6887,32,32
6888,11,11
6889,3,3
6890,19,19
6891,34,34
6892,7,7
6893,15,15
6894,28,28
6895,34,34
6896,17,17
6897,26,26
6898,1,1
6899,20,20
6900,23,23
6901,33,33
6902,28,28
6903,33,33
6904,26,26
6905,24,24
6906,16,16
6907,18,18
6908,28,28
6909,16,16
6910,27,27
6911,21,21
6912,33,11
6913,10,10
6914,27,27
6915,13,13
6916,0,0
6917,14,27
6918,30,30
6919,32,32
6920,9,9
6921,18,18
6922,6,6
6923,16,16
6924,29,29
6925,19,19
6926,6,6
6927,31,31
6928,4,4
6929,7,3
6930,12,12
6931,14,14
6932,20,20
6933,21,21
6934,30,30
6935,6,6
6936,4,4
6937,4,4
6938,15,15
6939,11,11
6940,3,3
6941,16,16
6942,13,13
6943,9,9
6944,29,29
6945,24,24
6946,29,29
6947,19,19
6948,25,25
6949,31,31
6950,25,25
6951,26,26
6952,18,18
6953,20,20
6954,24,24
6955,9,9
6956,27,27
6957,33,33
6958,11,11
6959,30,30
6960,4,4
6961,5,5
6962,32,32
6963,18,18
6964,16,16
6965,23,23
6966,28,28
6967,26,26
6968,31,8
6969,4,4
6970,1,1
6971,25,25
6972,28,28
6973,19,19
6974,32,32
6975,17,17
6976,26,26
6977,11,11
6978,3,3
6979,33,33
6980,0,0
6981,24,24
6982,24,24
6983,15,15
6984,25,25
6985,7,7
6986,6,6
6987,12,13
6988,8,8
6989,7,7
6990,7,7
6991,10,10
6992,33,33
6993,26,26
6994,3,3
6995,5,5
6996,16,16
6997,28,28
6998,20,20
6999,19,19
7000,30,30
